HUC_8,P_TES,P Saturation
01010001,3.0783996532251723,Saturated
01010002,97.47631175672336,Saturated
01010003,4.228470199723663,Saturated
01010004,26.50196058320837,Saturated
01010005,6.488257585282558,Saturated
01020001,1556.426008972134,Saturated
01020002,1453.9316330466986,Saturated
01020003,44.164175888466616,Saturated
01020004,146.8946718399066,Saturated
01020005,14.730668917340408,Saturated
01030001,1235.8043362382975,Saturated
01030002,2560.8353090740834,Saturated
01030003,17.921738329608427,Saturated
01040001,654.1051045180908,Saturated
01040002,16.564557412079374,Saturated
01050001,684.6473930668378,Saturated
01050002,81.39070477062903,Saturated
01050003,28.08747276869336,Saturated
01050004,1283824.8039331026,Saturated
01060001,192.62214646218357,Saturated
01060002,190.87398709825473,Saturated
01060003,296.82206900217017,Saturated
01070001,7879.153629667422,Saturated
01070002,4206.024823008715,Saturated
01070003,1028.180695305563,Saturated
01070004,201.57286796916668,Saturated
01070005,618.0354744709889,Saturated
01070006,190.85046652574584,Saturated
01080101,138.80211121928266,Saturated
01080102,289.09626264523496,Saturated
01080103,21.412512654176602,Saturated
01080104,170.15739572899346,Saturated
01080105,23.356779417247466,Saturated
01080106,53.53515089241014,Saturated
01080107,97.8875030853121,Saturated
01080201,37.58546721328085,Saturated
01080202,1411.4345465133742,Saturated
01080203,52.47132295217638,Saturated
01080204,6.319062792192371,Saturated
01080205,10.237919310436297,Saturated
01080206,89.8018031551639,Saturated
01080207,126.4881086304662,Saturated
01090001,65.44012256483941,Saturated
01090002,6.21661341559664,Saturated
01090003,1833.6388057040383,Saturated
01090004,49.46909173237506,Saturated
01090005,90.50433179617755,Saturated
01100001,68.33531469800182,Saturated
01100002,46.46605013273366,Saturated
01100003,3.3679010678752483,Saturated
01100004,269.44447566704963,Saturated
01100005,3.8945837678927733,Saturated
01100006,187.4388408058191,Saturated
01110000,11.442973193482768,Saturated
02010001,1.179469510491814,Saturated
02010002,-0.3685582139872332,Not saturated
02010003,12.49461927037752,Saturated
02010004,38.254479006365656,Saturated
02010005,8.770298989144218,Saturated
02010006,38.91454491232455,Saturated
02010007,1.7576259768786622,Saturated
02010008,9.4247223840159,Saturated
02020001,357.34843190821715,Saturated
02020002,97.50381032658736,Saturated
02020003,0.6302560376004676,Saturated
02020004,2.7911825958816845,Saturated
02020005,16.354935641600456,Saturated
02020006,1.0012777942416442,Saturated
02020007,5.570155861870902,Saturated
02020008,14.546686741901176,Saturated
02030101,421.98747665791024,Saturated
02030102,7902.5455438478775,Saturated
02030103,34.74081489506457,Saturated
02030104,16.891668131318582,Saturated
02030105,3.8068287068006543,Saturated
02030201,183.5820031878594,Saturated
02030202,20.529212717134463,Saturated
02030203,51903.34264504382,Saturated
02040101,72.44575010114181,Saturated
02040102,22.354191631061088,Saturated
02040103,7.366387103102784,Saturated
02040104,24.927321948780342,Saturated
02040105,1.8768322443398568,Saturated
02040106,3.9342741232650167,Saturated
02040201,8.583425086781421,Saturated
02040202,1.9717249690334135,Saturated
02040203,0.2702044144269212,Saturated
02040204,inf,Saturated
02040205,11.413558985756676,Saturated
02040206,40.8882913084217,Saturated
02040207,11.207742276256113,Saturated
02040301,16.791563158182786,Saturated
02040302,69.95956503717765,Saturated
02040303,7.28004799333993,Saturated
02040304,5.1759332254524315,Saturated
02050101,17.690421521606574,Saturated
02050102,4.182261666556688,Saturated
02050103,3.1224282276682715,Saturated
02050104,0.8481197575267285,Saturated
02050105,87.99512369551861,Saturated
02050106,-0.1582497010889108,Not saturated
02050107,24.784118740396533,Saturated
02050201,48.101217409440565,Saturated
02050202,165.77236006486058,Saturated
02050203,68.63452217522352,Saturated
02050204,3.1612944079660363,Saturated
02050205,28.36874195799813,Saturated
02050206,1.5770372007422695,Saturated
02050301,3.947185021935612,Saturated
02050302,4.480264304176559,Saturated
02050303,8.557415431645326,Saturated
02050304,2.292951087050397,Saturated
02050305,-0.4123221950982551,Not saturated
02050306,-0.5676939905594188,Not saturated
02060001,inf,Saturated
02060002,5.2320488666529466,Saturated
02060003,27.55869556440911,Saturated
02060004,385.0233560291046,Saturated
02060005,8.126522399686719,Saturated
02060006,179.83951413447463,Saturated
02070001,-0.2658707468192231,Not saturated
02070002,0.5340839424561813,Saturated
02070003,1.221900809557927,Saturated
02070004,0.7845038131293499,Saturated
02070005,0.6399265942705671,Saturated
02070006,0.1878150818143723,Saturated
02070007,23.065401394066463,Saturated
02070008,2.2170106049083143,Saturated
02070009,-0.43747093454564784,Not saturated
02070010,0.48885909042723,Saturated
02070011,2.0804183212698693,Saturated
02080102,26.745092629139762,Saturated
02080103,8.294804774342046,Saturated
02080104,12.150716499334559,Saturated
02080105,7.622608630548215,Saturated
02080106,-0.040964445865356816,Not saturated
02080107,30.8600395184705,Saturated
02080108,1552.3134119668127,Saturated
02080109,0.07490820343388149,Saturated
02080110,3.7473778588355686,Saturated
02080111,10.298052047133863,Saturated
02080201,24.438228957113033,Saturated
02080202,0.6853329034550322,Saturated
02080203,0.08754007080860407,Saturated
02080204,33.151647772757514,Saturated
02080205,14.408969978812813,Saturated
02080206,17.998158101227514,Saturated
02080207,6.8526609503066025,Saturated
02080208,82.83706068582536,Saturated
03010101,0.1416765227900872,Saturated
03010102,5.633481662409299,Saturated
03010103,-0.9712885832503306,Not saturated
03010104,-0.9097056258775724,Not saturated
03010105,2.9438203036611466,Saturated
03010106,19.08783779332736,Saturated
03010107,-1.0,Not saturated
03010201,2.950871013172625,Saturated
03010202,-0.8906280789993185,Not saturated
03010203,-0.278441614519153,Not saturated
03010204,-0.9073739159665742,Not saturated
03010205,-0.9444483021971559,Not saturated
03020101,7.216572064970675,Saturated
03020102,-0.3497168078425033,Not saturated
03020103,5.1407640417666665,Saturated
03020104,3.4543937894137025,Saturated
03020105,38.69221056832409,Saturated
03020201,5.029144000480841,Saturated
03020202,-0.7443031640112259,Not saturated
03020203,0.8965607325797224,Saturated
03020204,-0.4610842818290962,Not saturated
03020301,3.0610558067715354,Saturated
03020302,-0.030049080610749755,Not saturated
03030002,-0.3863502436576765,Not saturated
03030003,-0.9792786162622418,Not saturated
03030004,-0.9856373725368974,Not saturated
03030005,-0.99986228528866,Not saturated
03030006,-0.34148341883787603,Not saturated
03030007,-0.9524664095940836,Not saturated
03040101,-0.28254117151610153,Not saturated
03040102,6.928523046189888,Saturated
03040103,-0.6925179729599641,Not saturated
03040104,-0.9986055435109892,Not saturated
03040105,-0.08507314140619057,Not saturated
03040201,0.4127803094266327,Saturated
03040202,-0.9443027390916384,Not saturated
03040203,-0.992085397245148,Not saturated
03040204,4.588464662580237,Saturated
03040205,-0.9723528075517311,Not saturated
03040206,-0.9972367728872183,Not saturated
03040207,25.206963438466744,Saturated
03040208,-0.9655491048577584,Not saturated
03050101,-0.9009795755230516,Not saturated
03050102,-0.9640298282107496,Not saturated
03050103,-0.9402826776945732,Not saturated
03050104,2.7097246489522595,Saturated
03050105,-0.8378129072000151,Not saturated
03050106,10.460466309869243,Saturated
03050107,0.8707854015053023,Saturated
03050108,40.79281267607833,Saturated
03050109,1.241585652919847,Saturated
03050110,0.02907194723437495,Saturated
03050111,0.8023896650478086,Saturated
03050112,14.936599023187792,Saturated
03050201,1.3415144344118737,Saturated
03050202,112.66604697113593,Saturated
03050203,-0.7060293190509002,Not saturated
03050204,-0.9973810235985052,Not saturated
03050205,1.022619436194457,Saturated
03050206,1.5342810914338316,Saturated
03050207,-0.4140143652113636,Not saturated
03050208,98.2475561099944,Saturated
03050209,363.1962853083109,Saturated
03050210,3518.4148994434986,Saturated
03060101,-0.8497101851589213,Not saturated
03060102,-0.8673454342913209,Not saturated
03060103,2.378927716172322,Saturated
03060104,-0.8571521071041368,Not saturated
03060105,5.052667897524925,Saturated
03060106,0.07826959075374965,Saturated
03060107,7.283836366028937,Saturated
03060108,9.585511049352627,Saturated
03060109,39.101392222520474,Saturated
03060110,1034.9829945683605,Saturated
03060201,0.365588592485568,Saturated
03060202,-0.9573020551991148,Not saturated
03060203,0.9798810065307392,Saturated
03060204,17.965477207669906,Saturated
03070101,-0.8240292186605614,Not saturated
03070102,9.191193080981195,Saturated
03070103,-0.1109259266161548,Not saturated
03070104,-0.10240656584040707,Not saturated
03070105,12.829560000439846,Saturated
03070106,11.754271050597055,Saturated
03070107,21.127413596500432,Saturated
03070201,1.2062219278502275,Saturated
03070202,12.575937898541973,Saturated
03070203,164.25702533600852,Saturated
03070204,120.96436460255056,Saturated
03070205,-0.549760230512016,Not saturated
03080101,-0.9211178642323391,Not saturated
03080102,-0.4118663556354486,Not saturated
03080103,-0.9258773696567729,Not saturated
03080201,0.002628994556551629,Saturated
03080202,3.4289808507895887,Saturated
03080203,-0.7534547372811937,Not saturated
03090101,0.4353287035063601,Saturated
03090102,1.166136025593446,Saturated
03090103,-0.4880470914356713,Not saturated
03090201,15.295174561269635,Saturated
03090202,-0.997272426761864,Not saturated
03090203,195603.4693170804,Saturated
03090204,-0.8818466710437473,Not saturated
03090205,-0.5975617957200334,Not saturated
03090206,-0.7667954578085681,Not saturated
03100101,-0.8403391496632002,Not saturated
03100102,8.903799234087037,Saturated
03100103,12.972408398273537,Saturated
03100201,6.8881744293129845,Saturated
03100202,45.742355662501296,Saturated
03100203,0.29059833932469303,Saturated
03100204,1.3823005647502458,Saturated
03100205,-0.5244909872233363,Not saturated
03100206,-0.993393144365405,Not saturated
03100207,15.453093195489135,Saturated
03100208,-0.6166252107069328,Not saturated
03110101,-0.6328192922242688,Not saturated
03110102,89.75096992282484,Saturated
03110103,-0.8226355370204961,Not saturated
03110201,45.932511233914006,Saturated
03110202,3.603854797795048,Saturated
03110203,-0.4199832901179247,Not saturated
03110204,-0.9990157606091808,Not saturated
03110205,4.362542874412384,Saturated
03110206,4.7917926809037965,Saturated
03120001,-0.34436996630993705,Not saturated
03120002,8.659241635222148,Saturated
03120003,0.8887956697476486,Saturated
03130001,-0.9809406956012012,Not saturated
03130002,-0.9593884578451456,Not saturated
03130003,4.74892537874501,Saturated
03130004,0.6282809507644064,Saturated
03130005,-0.018340772141599508,Not saturated
03130006,1.7889247543076117,Saturated
03130007,0.2555099733771017,Saturated
03130008,-0.990787981579426,Not saturated
03130009,-0.7727563895762588,Not saturated
03130010,0.7681744713021592,Saturated
03130011,31.142260896124768,Saturated
03130012,-0.06468589443829928,Not saturated
03130013,438.2096551849366,Saturated
03130014,40230.71727218948,Saturated
03140101,49.183861280895755,Saturated
03140102,3.96124509414021,Saturated
03140103,2.5202694730719046,Saturated
03140104,-0.8853270048865103,Not saturated
03140105,4.274363396156397,Saturated
03140106,-0.9721873433131694,Not saturated
03140107,29.158301499838533,Saturated
03140201,-0.9952035675824492,Not saturated
03140202,-0.9999135492920376,Not saturated
03140203,10.651395255844603,Saturated
03140301,-0.2097162851424247,Not saturated
03140302,0.07729274804520092,Saturated
03140303,12.315626139942514,Saturated
03140304,32.019869100214216,Saturated
03140305,9.332812243493679,Saturated
03150101,-0.9830134045159042,Not saturated
03150102,-0.9934286796459132,Not saturated
03150103,-0.1918495149524908,Not saturated
03150104,-0.5398256535985126,Not saturated
03150105,-0.9998526347024648,Not saturated
03150106,4.009612653942389,Saturated
03150107,-0.8200974736057353,Not saturated
03150108,7.870677296609569,Saturated
03150109,-0.9888638089232342,Not saturated
03150110,16.0969643988343,Saturated
03150201,-1.0,Not saturated
03150202,-0.9805314305074272,Not saturated
03150203,8.108871386474881,Saturated
03150204,0.2277234957685511,Saturated
03160101,-0.7522376073267949,Not saturated
03160102,34.577937556903116,Saturated
03160103,-0.9947006401337734,Not saturated
03160104,3.8755548130634274,Saturated
03160105,13.122922309088262,Saturated
03160106,14.236666545105884,Saturated
03160107,-0.09095713401969842,Not saturated
03160108,-0.9542868508141132,Not saturated
03160109,-0.8238686773727883,Not saturated
03160110,1.013311377902743,Saturated
03160111,39.29801898331522,Saturated
03160112,-0.8773974697518018,Not saturated
03160113,4.059486698415078,Saturated
03160201,5.470788134181826,Saturated
03160202,-0.8521691353848853,Not saturated
03160203,-0.8313084640563407,Not saturated
03160204,46.67461234149154,Saturated
03160205,0.9647234482848712,Saturated
03170001,2.6060094590912195,Saturated
03170002,55.24720750967136,Saturated
03170003,9.353824982761909,Saturated
03170004,-1.0,Not saturated
03170005,-0.9760871303985676,Not saturated
03170006,-0.9830963266910434,Not saturated
03170007,1.1166046998620365,Saturated
03170008,-0.5020709080365234,Not saturated
03170009,-0.6398141500456672,Not saturated
03180001,-0.8334697100892262,Not saturated
03180002,2.9303729028261283,Saturated
03180003,1.7848074811772705,Saturated
03180004,20.111277357396016,Saturated
03180005,0.5160171942216357,Saturated
04010101,243.84789358170983,Saturated
04010102,41.53173216589485,Saturated
04010201,-0.2188863277391153,Not saturated
04010202,36.458172059221404,Saturated
04010301,-0.5062265515605964,Not saturated
04010302,12.499027274581678,Saturated
04020101,13.159786258963072,Saturated
04020102,49.205591789520255,Saturated
04020103,3.2780286946504584,Saturated
04020104,8.698560559280926,Saturated
04020105,72.5968040612684,Saturated
04020201,-0.912586148079962,Not saturated
04020202,487.006965178564,Saturated
04020203,0.5200809030196483,Saturated
04020300,inf,Saturated
04030101,-0.9317711992584696,Not saturated
04030102,0.336199769421974,Saturated
04030103,-0.2814272823014706,Not saturated
04030104,1.7083482316221226,Saturated
04030105,7.2645056975408435,Saturated
04030106,125.04782449440135,Saturated
04030107,377.8434895691712,Saturated
04030108,3.3404801621773457,Saturated
04030109,38.6471798074568,Saturated
04030110,86.67718436391864,Saturated
04030111,-0.7329543469263274,Not saturated
04030112,374.1758290727109,Saturated
04030201,-0.9911079099653723,Not saturated
04030202,4.717604156140257,Saturated
04030203,-0.9985670383294662,Not saturated
04030204,-0.9671929573267948,Not saturated
04040001,0.2932746638193242,Saturated
04040002,3.5409831294015577,Saturated
04040003,1.2506720397293778,Saturated
04050001,-0.9965272938595571,Not saturated
04050002,-0.9989394454869736,Not saturated
04050003,-0.9496610637919868,Not saturated
04050004,0.5015643064553718,Saturated
04050005,-0.8997215450958114,Not saturated
04050006,1.1362884129122377,Saturated
04050007,10.866982674881283,Saturated
04060101,-0.20647451177151047,Not saturated
04060102,7.243713036137653,Saturated
04060103,3.9568085525054713,Saturated
04060104,13.412193319627828,Saturated
04060105,17.346093267849724,Saturated
04060106,41.97764837252893,Saturated
04060107,258.377040170342,Saturated
04070001,281.37403686600106,Saturated
04070002,446.874495177922,Saturated
04070003,31.04234513272135,Saturated
04070004,47.71223283172871,Saturated
04070005,263.60503563890785,Saturated
04070006,-0.953302187184554,Not saturated
04070007,-0.8699253651364698,Not saturated
04080101,12.145852441397126,Saturated
04080102,18.85496401650878,Saturated
04080103,0.9322946425454196,Saturated
04080104,1.5132130620997974,Saturated
04080201,0.35562627922572065,Saturated
04080202,1.2282058536064415,Saturated
04080203,8.660807817723809,Saturated
04080204,7.796840450267428,Saturated
04080205,-0.9184321256591976,Not saturated
04080206,5.204563890283977,Saturated
04090001,-0.8923438038211439,Not saturated
04090002,6.49802727905914,Saturated
04090003,13.028696926871149,Saturated
04090004,37.219647009439896,Saturated
04090005,3.2292269040471844,Saturated
04100001,-0.8292342390448677,Not saturated
04100002,-0.2360602262768869,Not saturated
04100003,-0.9904045231373708,Not saturated
04100004,-0.9896753599017232,Not saturated
04100005,-0.5359581484570897,Not saturated
04100006,-1.0,Not saturated
04100007,-0.8596102688196203,Not saturated
04100008,0.2060410569239012,Saturated
04100009,-0.31015047620959385,Not saturated
04100010,1.4135350853112667,Saturated
04100011,-0.9989311575534141,Not saturated
04100012,0.4619775971943197,Saturated
04110001,-0.11425765020558795,Not saturated
04110002,-0.4159260094620675,Not saturated
04110003,66.74180614152593,Saturated
04110004,-0.7834230046854065,Not saturated
04120101,1.0838813255279802,Saturated
04120102,28.37165404723905,Saturated
04120103,-0.983656793964187,Not saturated
04120104,-0.6729135162503997,Not saturated
04130001,2.5402676595633866,Saturated
04130002,0.7993674174328144,Saturated
04130003,5.640480896204656,Saturated
04140101,1.6701839258518054,Saturated
04140102,-0.8534785532859114,Not saturated
04140201,0.4810029839442049,Saturated
04140202,-0.12437719283371385,Not saturated
04140203,95.23311713748129,Saturated
04150101,-0.9621939649876634,Not saturated
04150102,2.5395450172807204,Saturated
04150301,-0.9989751115007413,Not saturated
04150302,-0.5091942571231615,Not saturated
04150303,18.84701972753486,Saturated
04150304,5.99809021531816,Saturated
04150305,159.55258791529215,Saturated
04150306,5.606595940098761,Saturated
04150307,3.9953628745834657,Saturated
04150308,0.6157183564765963,Saturated
05010001,11.55738953619447,Saturated
05010002,6.5476031663559064,Saturated
05010003,-0.5119846972906856,Not saturated
05010004,-0.9813457797834954,Not saturated
05010005,11.491123960955608,Saturated
05010006,-0.2388054026297585,Not saturated
05010007,18.628650387822145,Saturated
05010008,4.794046334105723,Saturated
05010009,59.31643542721699,Saturated
05020001,16.02901190186293,Saturated
05020002,8.127738691465362,Saturated
05020003,19.97544102453964,Saturated
05020004,2.2739440610648103,Saturated
05020005,-0.7166413196047021,Not saturated
05020006,6.800884393793202,Saturated
05030101,-0.9859348481125372,Not saturated
05030102,-0.9840530442242176,Not saturated
05030103,2.863393837985712,Saturated
05030104,14.44306983930575,Saturated
05030105,23.43320687148341,Saturated
05030106,13.793324594609725,Saturated
05030201,-0.9089192220957429,Not saturated
05030202,-1.0,Not saturated
05030203,1.31725786972419,Saturated
05030204,-0.6820137189427137,Not saturated
05040001,-0.9940478028584244,Not saturated
05040002,0.11988373522568765,Saturated
05040003,-0.7033328504435646,Not saturated
05040004,-0.6575701962355518,Not saturated
05040005,2.2582389178784434,Saturated
05040006,-0.09378025173132892,Not saturated
05050001,0.5440616925108056,Saturated
05050002,-0.5336489321757193,Not saturated
05050003,-0.3765985321737461,Not saturated
05050004,74.47405121245927,Saturated
05050005,3.2448717842307766,Saturated
05050006,2866.8516104777927,Saturated
05050007,-0.7083345044995392,Not saturated
05050008,31.432164599790074,Saturated
05050009,90.62942345025652,Saturated
05060001,-0.8979821171429964,Not saturated
05060002,-0.7899790919359211,Not saturated
05060003,-0.540513362739564,Not saturated
05070101,245.84203394667514,Saturated
05070102,140.81626588906187,Saturated
05070201,-0.7021126244754768,Not saturated
05070202,57.7112049680064,Saturated
05070203,42.80622991176393,Saturated
05070204,32.103693322225915,Saturated
05080001,-0.8464399594657614,Not saturated
05080002,-0.2744554787778712,Not saturated
05080003,-0.2699740369999933,Not saturated
05090101,-0.928109812195038,Not saturated
05090102,39.810889162094895,Saturated
05090103,144.68886113249738,Saturated
05090104,1.7053324733021789,Saturated
05090201,0.6381430124699088,Saturated
05090202,-0.995696760549336,Not saturated
05090203,8.868979610446377,Saturated
05100101,-0.9939664264613508,Not saturated
05100102,-0.8683247706604045,Not saturated
05100201,2.0691577951338025,Saturated
05100202,61.017020386333634,Saturated
05100203,105.00618641635435,Saturated
05100204,27.95008307606298,Saturated
05100205,0.05211894641602762,Saturated
05110001,-0.9567899672211932,Not saturated
05110002,-0.9926132625262396,Not saturated
05110003,1.370547564949227,Saturated
05110004,-0.18051894547938804,Not saturated
05110005,-0.9982215585628712,Not saturated
05110006,1.1694963902466664,Saturated
05120101,-0.6303571243746241,Not saturated
05120102,-1.0,Not saturated
05120103,-0.9587241098671946,Not saturated
05120104,-0.967574198713774,Not saturated
05120105,0.02753506417132129,Saturated
05120106,-0.5682195629948608,Not saturated
05120107,-0.639142267868871,Not saturated
05120108,-0.9935384193544624,Not saturated
05120109,-0.9977433513838756,Not saturated
05120110,-0.9979111608957656,Not saturated
05120111,1.1511473041124458,Saturated
05120112,-0.9863350999353584,Not saturated
05120113,-0.9370459787465728,Not saturated
05120114,-0.9128522782307288,Not saturated
05120115,-0.6931928773637316,Not saturated
05120201,-0.9504634312047608,Not saturated
05120202,-0.9579840471567532,Not saturated
05120203,0.15334258906148682,Saturated
05120204,-1.0,Not saturated
05120205,-0.9922048211032328,Not saturated
05120206,-0.9901619473532574,Not saturated
05120207,0.3775566364744517,Saturated
05120208,-0.9985271890339468,Not saturated
05120209,0.006778749235596274,Saturated
05130101,-0.9622198392361138,Not saturated
05130102,4.245008284309494,Saturated
05130103,-0.35354626273312606,Not saturated
05130104,10.184350624132833,Saturated
05130105,7.484213780856306,Saturated
05130106,2.2650346370367136,Saturated
05130107,1.80554116266871,Saturated
05130108,2.4836146536566703,Saturated
05130201,1.4355632726375742,Saturated
05130202,-0.8813971736031769,Not saturated
05130203,4.7139831433892345,Saturated
05130204,-0.050238533897772095,Not saturated
05130205,0.5025136667890913,Saturated
05130206,-0.8881468285479709,Not saturated
05140101,1.2555385339637068,Saturated
05140102,-0.5066916716110887,Not saturated
05140103,-0.7798007321683058,Not saturated
05140104,-0.7379468645655921,Not saturated
05140201,15.398353445158882,Saturated
05140202,1.6412604109252784,Saturated
05140203,1.7565908796722984,Saturated
05140204,1.6548553402147963,Saturated
05140205,1.7339336599521624,Saturated
05140206,5.6055472511469295,Saturated
06010101,-0.02463916955416769,Not saturated
06010102,0.917996628191559,Saturated
06010103,14.899342080468795,Saturated
06010104,9.738702187307839,Saturated
06010105,54.230040274467676,Saturated
06010106,31.29287924879593,Saturated
06010107,6.4589780030202055,Saturated
06010108,24.77500067857414,Saturated
06010201,0.7167042125977945,Saturated
06010202,21.91718203201055,Saturated
06010203,165.63072899412174,Saturated
06010204,2.85750265242316,Saturated
06010205,11.781407015191009,Saturated
06010206,6.510408922711076,Saturated
06010207,13.360536053675863,Saturated
06010208,19.86365572339692,Saturated
06020001,0.7963550218027683,Saturated
06020002,3.4177464769008483,Saturated
06020003,50.055964589314726,Saturated
06020004,15.762607309977293,Saturated
06030001,-0.4426627575584981,Not saturated
06030002,0.1444790621529933,Saturated
06030003,0.7558442481636393,Saturated
06030004,3.7564009292143616,Saturated
06030005,-0.9596515577903336,Not saturated
06030006,0.5908342778639575,Saturated
06040001,0.3018152684136869,Saturated
06040002,1.6589822669799836,Saturated
06040003,1.6280126226375424,Saturated
06040004,13.529974342957699,Saturated
06040005,5.185456466297056,Saturated
06040006,0.9250127708345912,Saturated
07010101,32.10612011917448,Saturated
07010102,43.33927215944825,Saturated
07010103,9.464291400241157,Saturated
07010104,-0.7295125462365708,Not saturated
07010105,443.44878331622687,Saturated
07010106,1.3975188007659023,Saturated
07010107,0.21839326624757247,Saturated
07010108,3.4598511917393,Saturated
07010201,2.9529185469545083,Saturated
07010202,-0.8274311600947528,Not saturated
07010203,-0.35050739688112736,Not saturated
07010204,-0.9471399623965496,Not saturated
07010205,-0.8740724085392382,Not saturated
07010206,9.077108118537641,Saturated
07010207,11.870157381959887,Saturated
07020001,-0.6513545960822271,Not saturated
07020002,0.03352204112582874,Saturated
07020003,0.3022195501637985,Saturated
07020004,-0.4083371799463473,Not saturated
07020005,-0.9576130983122182,Not saturated
07020006,-0.7618705548699767,Not saturated
07020007,-0.8982653441857688,Not saturated
07020008,3.2784097879342093,Saturated
07020009,-0.6296341373863861,Not saturated
07020010,-0.7272738591676713,Not saturated
07020011,3.355413019340576,Saturated
07020012,13.861945772637403,Saturated
07030001,46.81985240340931,Saturated
07030002,68.62417002270952,Saturated
07030003,33.337760247843256,Saturated
07030004,14.910930092697857,Saturated
07030005,-0.9374534288274896,Not saturated
07040001,0.2907337935747508,Saturated
07040002,-0.8755596244099402,Not saturated
07040003,-1.0,Not saturated
07040004,0.2475121849484859,Saturated
07040005,7.160552207160964,Saturated
07040006,-0.6699352894084603,Not saturated
07040007,-0.9492675240444698,Not saturated
07040008,-0.9514994245576096,Not saturated
07050001,2.704944580834626,Saturated
07050002,373.94180431684913,Saturated
07050003,116.70090809133495,Saturated
07050004,5.612406238873216,Saturated
07050005,-0.9275913181552272,Not saturated
07050006,2.123110158833896,Saturated
07050007,0.9664208345742048,Saturated
07060001,1.178794111208958,Saturated
07060002,-0.7373809327496139,Not saturated
07060003,-0.6226826341236283,Not saturated
07060004,-0.7669367931815637,Not saturated
07060005,1.5264276452462686,Saturated
07060006,-0.8941274413903973,Not saturated
07070001,7.26563656377427,Saturated
07070002,-0.8861034671716755,Not saturated
07070003,3.1052827868479986,Saturated
07070004,0.7165225588191974,Saturated
07070005,-0.04821309809273711,Not saturated
07070006,17.448690808541205,Saturated
07080101,8.838034189158856,Saturated
07080102,-0.6033025183976825,Not saturated
07080103,0.7276513481541943,Saturated
07080104,-1.0,Not saturated
07080105,-0.8171695685043513,Not saturated
07080106,-0.1454647953581578,Not saturated
07080107,1.0662572956884235,Saturated
07080201,0.033300593639608043,Saturated
07080202,2.1851103250071864,Saturated
07080203,-0.2180602227107896,Not saturated
07080204,3.8255917464749736,Saturated
07080205,-1.0,Not saturated
07080206,3.0183569449636485,Saturated
07080207,-0.9552360532126601,Not saturated
07080208,-0.9321545173161744,Not saturated
07080209,-0.9505625057655404,Not saturated
07090001,-0.9669165719512084,Not saturated
07090002,2.053665116642144,Saturated
07090003,0.3664167955414049,Saturated
07090004,1.2917887202445657,Saturated
07090005,-0.39723447560161096,Not saturated
07090006,0.3026177586282953,Saturated
07090007,-0.7406635249555203,Not saturated
07100001,0.2404119119678717,Saturated
07100002,-0.6597105165421272,Not saturated
07100003,-0.1208312803890639,Not saturated
07100004,-0.8521898046481651,Not saturated
07100005,-0.8934662659904459,Not saturated
07100006,-0.6260261847248657,Not saturated
07100007,0.29519797089113176,Saturated
07100008,0.04870901856781034,Saturated
07100009,1.4033823628491096,Saturated
07110001,-0.961740432654292,Not saturated
07110002,12.02439118514792,Saturated
07110003,10.82299915843845,Saturated
07110004,1.610377359580285,Saturated
07110005,0.09360843500293337,Saturated
07110006,-0.2485676568444932,Not saturated
07110007,5.179678159584303,Saturated
07110008,-0.1280305325556991,Not saturated
07110009,16.274303121066023,Saturated
07120001,0.05972658264288872,Saturated
07120002,-0.2652800361557251,Not saturated
07120003,143.45644316783958,Saturated
07120004,11.07720769774026,Saturated
07120005,1.7956114323867294,Saturated
07120006,2.4837980449511514,Saturated
07120007,-0.05267722416584996,Not saturated
07130001,0.3151798556190302,Saturated
07130002,0.985800142245645,Saturated
07130003,0.6885471367619339,Saturated
07130004,0.0968615402431008,Saturated
07130005,-0.7155083432053829,Not saturated
07130006,-0.9669611986393416,Not saturated
07130007,0.8440880603588049,Saturated
07130008,-0.8208642968095236,Not saturated
07130009,2.236412843453871,Saturated
07130010,0.3315658938655288,Saturated
07130011,0.5067429595751346,Saturated
07130012,2.7897122355406574,Saturated
07140101,6.791407080442486,Saturated
07140102,5.625639858133235,Saturated
07140103,11.98686535373676,Saturated
07140104,7.90087780741499,Saturated
07140105,1.985162653427323,Saturated
07140106,0.9734244727218736,Saturated
07140107,18.308141631700703,Saturated
07140108,28.167583498691567,Saturated
07140201,9.428699456164624,Saturated
07140202,-0.9093361752836816,Not saturated
07140203,0.5905302179340969,Saturated
07140204,1.221766371865049,Saturated
08010100,8.774202529804931,Saturated
08010201,-0.9730556229857438,Not saturated
08010202,-0.9806967526295276,Not saturated
08010203,0.3182707210906296,Saturated
08010204,-0.2016259602614349,Not saturated
08010205,-0.355265542672253,Not saturated
08010206,-0.4181873398166272,Not saturated
08010207,6.456921779015199,Saturated
08010208,-0.8452803441664158,Not saturated
08010209,0.4595738898720733,Saturated
08010210,1.6677452346849622,Saturated
08010211,5.312841393163316,Saturated
08020100,65.58758280705365,Saturated
08020201,0.8871217937448405,Saturated
08020202,-0.8214814464060042,Not saturated
08020203,0.1455480212538306,Saturated
08020204,0.055697019110064985,Saturated
08020205,-0.5942594108987928,Not saturated
08020301,-0.95631787394265,Not saturated
08020302,3.0283930824823453,Saturated
08020303,5.907371177226594,Saturated
08020304,-0.9783210166333318,Not saturated
08020401,1.9910279349327915,Saturated
08020402,-0.9471456709022096,Not saturated
08030100,7.663699593838221,Saturated
08030201,3.706600092098729,Saturated
08030202,110.86781943500205,Saturated
08030203,-0.8954845482217828,Not saturated
08030204,4.058506789699418,Saturated
08030205,-1.0,Not saturated
08030206,0.8174235228144671,Saturated
08030207,0.5857466011876213,Saturated
08030208,-0.07285344162099776,Not saturated
08030209,5.9037815716132425,Saturated
08040101,4.317903052460881,Saturated
08040102,2.3388774226261466,Saturated
08040103,-0.8454142543193469,Not saturated
08040201,37.532799503489215,Saturated
08040202,-0.9920325189716044,Not saturated
08040203,-0.5375337041653722,Not saturated
08040204,2.023386094113629,Saturated
08040205,-0.4665135480684413,Not saturated
08040206,-0.2465409746551045,Not saturated
08040207,33.14888051435081,Saturated
08040301,-0.947499778049678,Not saturated
08040302,37.62342083627095,Saturated
08040303,-0.4370489265794461,Not saturated
08040304,1.4709850869252803,Saturated
08040305,-0.7781998890593185,Not saturated
08040306,18.515767659563856,Saturated
08050001,0.3317016366416645,Saturated
08050002,-0.7775137320452064,Not saturated
08050003,3.2244293083637983,Saturated
08060100,-0.28934862781669063,Not saturated
08060201,0.9588276694252652,Saturated
08060202,-0.994293684077602,Not saturated
08060203,-0.7977967622518359,Not saturated
08060204,32.72508359998976,Saturated
08060205,84.7736316323993,Saturated
08060206,4.473868730380061,Saturated
08070100,318.9033884231062,Saturated
08070201,4.611469500359064,Saturated
08070202,24.731166230832354,Saturated
08070203,11.088290804836259,Saturated
08070204,0.053407685027968915,Saturated
08070205,-0.9641847120938196,Not saturated
08070300,-0.025164603479675918,Not saturated
08080101,2.425480292107866,Saturated
08080102,-0.9883087961908952,Not saturated
08080103,-0.995943126930344,Not saturated
08080201,-0.4449682591407692,Not saturated
08080202,-0.6391166130174909,Not saturated
08080203,2.316603996656001,Saturated
08080204,7.663277883011973,Saturated
08080205,21.24470050097068,Saturated
08080206,2.7017962069495907,Saturated
08090100,1.6979127408647867,Saturated
08090201,45.15528108626504,Saturated
08090202,2428.6853973522907,Saturated
08090203,-0.9979465215538792,Not saturated
08090301,-0.11083535330484973,Not saturated
08090302,0.04278744965204885,Saturated
09010001,-0.9496692879893874,Not saturated
09010002,-0.20085879597243764,Not saturated
09010003,-0.5250311364650784,Not saturated
09010004,2.8511645264901833,Saturated
09010005,-0.6897739902902496,Not saturated
09020101,-0.9685282150176956,Not saturated
09020102,-0.4546594705279114,Not saturated
09020103,-0.6517319553745315,Not saturated
09020104,-0.932985631219474,Not saturated
09020105,-0.9906325865413812,Not saturated
09020106,0.20135539469628008,Saturated
09020107,0.5370815652375891,Saturated
09020108,-0.8391523207327158,Not saturated
09020109,-1.0,Not saturated
09020201,-0.975929155821248,Not saturated
09020202,-0.8724843534191808,Not saturated
09020203,-0.4772776180377058,Not saturated
09020204,-0.998660620674984,Not saturated
09020205,1.3752773294422298,Saturated
09020301,-1.0,Not saturated
09020302,2.6681059339503324,Saturated
09020303,-0.2689824190764499,Not saturated
09020304,-0.8798050862865973,Not saturated
09020305,-0.015058792252873054,Not saturated
09020306,-0.9953375313568336,Not saturated
09020307,-0.9642525368908555,Not saturated
09020308,-0.956355197296592,Not saturated
09020309,2.8768501722923547,Saturated
09020310,-0.9996921289978716,Not saturated
09020311,-1.0,Not saturated
09020312,15.675728311186724,Saturated
09020313,-0.996265991265206,Not saturated
09020314,2.6724519257861967,Saturated
09030001,2.5780964422096404,Saturated
09030002,81.79193447917807,Saturated
09030003,202.7300466211357,Saturated
09030004,70.68122074531796,Saturated
09030005,-0.9302820475327692,Not saturated
09030006,-0.9701861408779776,Not saturated
09030007,65.67848091425743,Saturated
09030008,77.98655038889981,Saturated
09030009,11.36429429562348,Saturated
10010001,1207.917614056003,Saturated
10010002,104.21610170245908,Saturated
10020001,10.810278399673702,Saturated
10020002,0.9950278414455176,Saturated
10020003,37.78789930606942,Saturated
10020004,-0.931982518728593,Not saturated
10020005,84.2749257994761,Saturated
10020006,0.05314339234582937,Saturated
10020007,0.9505319454795116,Saturated
10020008,-0.12462834419238199,Not saturated
10030010,25.571688832037,Saturated
10030101,-0.9306711272899776,Not saturated
10030102,-0.7699822838783669,Not saturated
10030103,1.2923533192846297,Saturated
10030104,0.5789320757573031,Saturated
10030105,3.892960046386536,Saturated
10030201,2.727395928927779,Saturated
10030202,-0.9195884018059466,Not saturated
10030203,-0.2827131087889812,Not saturated
10030204,-1.0,Not saturated
10030205,0.4199906547526477,Saturated
10040101,-0.8704748774140609,Not saturated
10040102,-0.9325046451665618,Not saturated
10040103,2.1621752768697777,Saturated
10040104,-0.9896955474886372,Not saturated
10040105,13.110445540018613,Saturated
10040106,-0.9466235524805378,Not saturated
10040201,-0.17912657681727626,Not saturated
10040202,7.156156402116546,Saturated
10040203,-0.9657839996956586,Not saturated
10040204,-0.9527506442505992,Not saturated
10040205,49.21148968447167,Saturated
10050001,33.709692753637285,Saturated
10050002,2.1621959774863013,Saturated
10050003,15.375411755501188,Saturated
10050004,-0.8388806772400205,Not saturated
10050005,1.3121581285274058,Saturated
10050006,18.948372374515678,Saturated
10050007,-0.5964297602893739,Not saturated
10050008,-0.5236239589458079,Not saturated
10050009,21.099063664743348,Saturated
10050010,11.078347480749569,Saturated
10050011,25.591674143217784,Saturated
10050012,-0.1976163132595363,Not saturated
10050013,9.634448035265196,Saturated
10050014,0.5011035525036093,Saturated
10050015,-0.8691273858956623,Not saturated
10050016,-0.2751307672054619,Not saturated
10060001,10.215028383112504,Saturated
10060002,2.67485069279692,Saturated
10060003,-0.469345718737498,Not saturated
10060004,1.6071129272734503,Saturated
10060005,-0.05258433178724485,Not saturated
10060006,-0.7402091786383299,Not saturated
10060007,-1.0,Not saturated
10070001,25.271181363856538,Saturated
10070002,2.9017324599432577,Saturated
10070003,-0.5279388184152333,Not saturated
10070004,1.7189516879613196,Saturated
10070005,-0.8657172106233828,Not saturated
10070006,0.7133934002608184,Saturated
10070007,0.22868207951299355,Saturated
10070008,-1.0,Not saturated
10080001,-0.6603695404303573,Not saturated
10080002,1.3951760537844122,Saturated
10080003,51.19436296658594,Saturated
10080004,-0.9535440438967592,Not saturated
10080005,4.656951267304349,Saturated
10080006,19.285539426262808,Saturated
10080007,3.6562273163728487,Saturated
10080008,4.848508044946018,Saturated
10080009,3.466252692974935,Saturated
10080010,12.242162470112165,Saturated
10080011,48.33957202891688,Saturated
10080012,4.419760705447977,Saturated
10080013,-0.5499318063020188,Not saturated
10080014,10.338572033165752,Saturated
10080015,8.381755291221465,Saturated
10080016,-1.0,Not saturated
10090101,-0.9744792837251924,Not saturated
10090102,-0.9502710563361706,Not saturated
10090201,4.643130320425744,Saturated
10090202,-0.73428382666851,Not saturated
10090203,5.1443541726146425,Saturated
10090204,0.7656417711933756,Saturated
10090205,35.905373801239854,Saturated
10090206,0.5258066689333327,Saturated
10090207,0.17568645617874434,Saturated
10090208,-0.3698883080440208,Not saturated
10090209,-0.8732465276323758,Not saturated
10090210,24.99760989983038,Saturated
10100001,-0.9962876786364836,Not saturated
10100002,0.6539595752118219,Saturated
10100003,28.214858432239872,Saturated
10100004,-0.9417274201834224,Not saturated
10100005,2.15269688828405,Saturated
10110101,-0.7273333083990431,Not saturated
10110102,0.15252654182571698,Saturated
10110201,11.127743307247858,Saturated
10110202,-0.9920197352020566,Not saturated
10110203,2.812429360296285,Saturated
10110204,-0.9857286512656253,Not saturated
10110205,68.44989970081187,Saturated
10120101,-0.949268228622754,Not saturated
10120102,2.007284051335632,Saturated
10120103,3.627887179377752,Saturated
10120104,-0.9152918638995706,Not saturated
10120105,-0.7276849783242982,Not saturated
10120106,7.32179201248545,Saturated
10120107,10.898010040497622,Saturated
10120108,247.73311447660404,Saturated
10120109,-0.9110706342972732,Not saturated
10120110,37.30273556355951,Saturated
10120111,13.010286383297965,Saturated
10120112,-0.06337629336608723,Not saturated
10120113,-0.9921612419977868,Not saturated
10120201,3.6238967521155288,Saturated
10120202,-0.43813298699335534,Not saturated
10120203,6.887141772683791,Saturated
10130101,-0.928385466427332,Not saturated
10130102,1.2620102045242618,Saturated
10130103,0.016138660760741757,Saturated
10130104,-0.6842487328914699,Not saturated
10130105,0.13946740233332808,Saturated
10130106,-0.533690367013777,Not saturated
10130201,-0.2042313142177876,Not saturated
10130202,-0.6905518801038149,Not saturated
10130203,0.5730987607402002,Saturated
10130204,-0.6184242177875731,Not saturated
10130205,-0.7554465930488533,Not saturated
10130206,2.222374059030784,Saturated
10130301,-0.6348532782381743,Not saturated
10130302,3.6735836302381295,Saturated
10130303,3.994850495159496,Saturated
10130304,84.17396192882606,Saturated
10130305,-0.3742669978085614,Not saturated
10130306,0.9935865689882388,Saturated
10140101,0.8598061369612138,Saturated
10140102,-0.7291860380535956,Not saturated
10140103,-0.9226887234997608,Not saturated
10140104,-1.0,Not saturated
10140105,-1.0,Not saturated
10140201,3.3510511400533542,Saturated
10140202,0.049332104399154274,Saturated
10140203,3.2341181579119085,Saturated
10140204,-0.057699999279073814,Not saturated
10150001,-0.512160601489024,Not saturated
10150002,-0.26666125099403715,Not saturated
10150003,0.13129626048938234,Saturated
10150004,8.630525879907783,Saturated
10150005,3.271019043330695,Saturated
10150006,-1.0,Not saturated
10150007,4.9893899796071794,Saturated
10160001,1.2312263947523585,Saturated
10160002,0.1807513521754137,Saturated
10160003,-0.9749794339060176,Not saturated
10160004,0.011639325684420457,Saturated
10160005,2.28103296437138,Saturated
10160006,-0.8907446670021735,Not saturated
10160007,7.990151966328539,Saturated
10160008,-0.4589213687291069,Not saturated
10160009,7.135980833591431,Saturated
10160011,-0.5021492389837332,Not saturated
10170101,-0.24709881236220135,Not saturated
10170102,-0.3292116677732124,Not saturated
10170103,3.702171297479784,Saturated
10170201,3.449267683896945,Saturated
10170202,1.4240380852157,Saturated
10170203,-0.6966529282667989,Not saturated
10170204,0.7467589051499286,Saturated
10180001,2.6838165067464805,Saturated
10180002,3.2351510773475782,Saturated
10180003,2.235584373998826,Saturated
10180004,10.144625270259153,Saturated
10180005,13.613062623267574,Saturated
10180006,-0.9323799172457592,Not saturated
10180007,7.290516016724648,Saturated
10180008,-0.7026526394777083,Not saturated
10180009,-0.05961705435804115,Not saturated
10180010,15.496663538751605,Saturated
10180011,0.09480879415933773,Saturated
10180012,0.12092159305071873,Saturated
10180013,3.577809666674084,Saturated
10180014,3.0910541021936613,Saturated
10190001,-1.0,Not saturated
10190002,-1.0,Not saturated
10190003,0.5773558880078734,Saturated
10190004,23.955843501089863,Saturated
10190005,4.0560124011194,Saturated
10190006,21.699474219006568,Saturated
10190007,40.68668226828234,Saturated
10190008,0.10295156873630017,Saturated
10190009,1.6110813356011664,Saturated
10190010,9.335215518824178,Saturated
10190011,16.01819746695986,Saturated
10190012,-1.0,Not saturated
10190013,-1.0,Not saturated
10190014,2.848887240520582,Saturated
10190015,5.323143811605564,Saturated
10190016,0.40869496892729257,Saturated
10190017,3.961626399422844,Saturated
10190018,1.3708580820144565,Saturated
10200101,2.038769555123755,Saturated
10200102,6.5909895893600225,Saturated
10200103,2.9390509552744737,Saturated
10200201,-1.0,Not saturated
10200202,9.51760824603796,Saturated
10200203,11.311960366686685,Saturated
10210001,2.9482495330943017,Saturated
10210002,3.3090913696260262,Saturated
10210003,2.144650980035735,Saturated
10210004,-0.6308466402329254,Not saturated
10210005,8.402724251267443,Saturated
10210006,-0.3992841923180901,Not saturated
10210007,-0.8306145244585903,Not saturated
10210008,1.5977872077676871,Saturated
10210009,-0.7509004684501345,Not saturated
10210010,-0.7138779397592165,Not saturated
10220001,-0.8597833379676599,Not saturated
10220002,0.7906898856717544,Saturated
10220003,-0.8775756008931479,Not saturated
10220004,0.2871657932849009,Saturated
10230001,-0.06748550030991095,Not saturated
10230002,0.9996594267172084,Saturated
10230003,-0.9591870104023721,Not saturated
10230004,-0.8012340377130165,Not saturated
10230005,-0.571744435318172,Not saturated
10230006,0.2861823819003721,Saturated
10230007,0.26409165827918263,Saturated
10240001,0.1888210019255347,Saturated
10240002,0.08609009230523,Saturated
10240003,-0.4355454395499516,Not saturated
10240004,2.084390702325273,Saturated
10240005,-0.8035099131253927,Not saturated
10240006,5.7199031820718345,Saturated
10240007,1.2090944691413812,Saturated
10240008,-0.386805754096934,Not saturated
10240009,2.0115363456804225,Saturated
10240010,1.4824871834898676,Saturated
10240011,-0.16248960148348365,Not saturated
10240012,4.782348764536712,Saturated
10240013,3.6241625409369083,Saturated
10250001,2.819777423619456,Saturated
10250002,-0.14583170492311787,Not saturated
10250003,1.2380487988477806,Saturated
10250004,-0.5908478019606396,Not saturated
10250005,17.37409010883785,Saturated
10250006,-0.2032090950161722,Not saturated
10250007,-0.4827585716413749,Not saturated
10250008,0.7643413119216319,Saturated
10250009,-0.8413864097922471,Not saturated
10250010,0.6505000424072037,Saturated
10250011,0.7022465370423522,Saturated
10250012,6.503034873263812,Saturated
10250013,8.638403973389579,Saturated
10250014,-0.29054037956237033,Not saturated
10250015,-0.4639269478159408,Not saturated
10250016,-0.9631944952963504,Not saturated
10250017,-0.9288389041484162,Not saturated
10260001,15.083652060394886,Saturated
10260002,52.758047949279835,Saturated
10260003,0.4145713859725296,Saturated
10260004,-0.8352938757143293,Not saturated
10260005,0.8220762539376871,Saturated
10260006,-0.6601081362592879,Not saturated
10260007,-0.22221766304983165,Not saturated
10260008,-0.833235224223713,Not saturated
10260009,2.099002631321752,Saturated
10260010,-0.6362008066125268,Not saturated
10260011,-0.58846822964129,Not saturated
10260012,1.3218214995898678,Saturated
10260013,-0.4973175586514434,Not saturated
10260014,-0.3984037417983867,Not saturated
10260015,5.810113772722668,Saturated
10270101,0.6552503164105213,Saturated
10270102,-0.4422441031993307,Not saturated
10270103,-0.3363696176316584,Not saturated
10270104,-0.6854477140298685,Not saturated
10270201,0.09748411585714364,Saturated
10270202,-0.98157960009657,Not saturated
10270203,-0.6705608918285462,Not saturated
10270204,-0.6799242344687471,Not saturated
10270205,-0.7725532289989325,Not saturated
10270206,-0.8809559995704634,Not saturated
10270207,-0.7692075083664848,Not saturated
10280101,-0.9890189507436392,Not saturated
10280102,14.766040307829796,Saturated
10280103,0.7463873079028879,Saturated
10280201,0.2482164259451772,Saturated
10280202,6.131517585800665,Saturated
10280203,3.234195293741186,Saturated
10290101,-0.2357384949538667,Not saturated
10290102,-0.9992462153045472,Not saturated
10290103,-0.8441902407532862,Not saturated
10290104,0.8581614138130542,Saturated
10290105,-0.9042557382519176,Not saturated
10290106,-0.9935961132223364,Not saturated
10290107,1.087140512562642,Saturated
10290108,-0.9972058127882489,Not saturated
10290109,3.474242507849449,Saturated
10290110,2.04516543901526,Saturated
10290111,-0.9596392900220098,Not saturated
10290201,-0.06605350426238342,Not saturated
10290202,104.15654514542678,Saturated
10290203,0.38890783519946254,Saturated
10300101,-0.9782309308655184,Not saturated
10300102,-0.9089921756302024,Not saturated
10300103,0.3496858449550128,Saturated
10300104,-0.9920549649407046,Not saturated
10300200,-0.8963839259343405,Not saturated
11010001,-1.0,Not saturated
11010002,-0.833107607316818,Not saturated
11010003,-0.9912286307274354,Not saturated
11010004,0.7633791124247651,Saturated
11010005,2.339130283820984,Saturated
11010006,1.084124632995117,Saturated
11010007,2.2383140381288817,Saturated
11010008,0.8069825246847525,Saturated
11010009,0.5130395815904121,Saturated
11010010,-0.20160520643237015,Not saturated
11010011,3.35493783834141,Saturated
11010012,-0.9556215470496788,Not saturated
11010013,-0.9846126173948192,Not saturated
11010014,0.01841666131519651,Saturated
11020001,7.247213178783692,Saturated
11020002,3.136209019080052,Saturated
11020003,-0.7245998804052659,Not saturated
11020004,12.676095309890172,Saturated
11020005,-0.940286000898716,Not saturated
11020006,22.818760031191967,Saturated
11020007,4.738303307653616,Saturated
11020008,-0.9246501414118262,Not saturated
11020009,-0.10136223568415496,Not saturated
11020010,1.9601928644147042,Saturated
11020011,2.5152364385799864,Saturated
11020012,-0.9099547755306476,Not saturated
11020013,-0.9851589547488288,Not saturated
11030001,-0.9318644626845706,Not saturated
11030002,2.3553500020385956,Saturated
11030003,0.948090164020662,Saturated
11030004,-0.3766064111614577,Not saturated
11030005,-0.22882810446721774,Not saturated
11030006,-0.6026335081843851,Not saturated
11030007,-0.4627597360775935,Not saturated
11030008,6.8907580431638875,Saturated
11030009,-0.9140547572768596,Not saturated
11030010,0.9070333114539056,Saturated
11030011,-0.5476465122151362,Not saturated
11030012,3.156832328837522,Saturated
11030013,2.488700006030826,Saturated
11030014,2.7312785466564957,Saturated
11030015,12.661583223484163,Saturated
11030016,33.975498283151104,Saturated
11030017,-0.023249072454445126,Not saturated
11030018,2.018024443898094,Saturated
11040001,130.189415556167,Saturated
11040002,-0.5895219469452249,Not saturated
11040003,28.57032654213809,Saturated
11040004,-0.9686470639293844,Not saturated
11040005,2.2079866178395764,Saturated
11040006,-0.4060500595051456,Not saturated
11040007,0.61702035703338,Saturated
11040008,24.105059604009977,Saturated
11050001,-0.4752023619145266,Not saturated
11050002,-0.9396031384394248,Not saturated
11050003,0.17432663806170762,Saturated
11060001,-0.9844882318000968,Not saturated
11060002,-0.935831238544424,Not saturated
11060003,-0.8891379030757036,Not saturated
11060004,-0.3523299907287503,Not saturated
11060005,-0.999414560059698,Not saturated
11060006,-0.9893653709006024,Not saturated
11070101,5.406563995532582,Saturated
11070102,6.096982942845353,Saturated
11070103,1.471402788084052,Saturated
11070104,0.9890981185665788,Saturated
11070105,4.164340861154939,Saturated
11070106,-0.9699387975164272,Not saturated
11070107,14.870494189383868,Saturated
11070201,8.82999161261637,Saturated
11070202,-0.6739758043545799,Not saturated
11070203,0.29682583670629475,Saturated
11070204,1.3866049740252124,Saturated
11070205,-0.4630691500750742,Not saturated
11070206,6.778458789699948,Saturated
11070207,-1.0,Not saturated
11070208,-0.7979289910718692,Not saturated
11070209,2.3404181400040764,Saturated
11080001,52.880277117857894,Saturated
11080002,109.45119882552872,Saturated
11080003,7.604287431708485,Saturated
11080004,0.7814113178076907,Saturated
11080005,52.95778445374964,Saturated
11080006,14.851942246875119,Saturated
11080007,-0.0035416288576049205,Not saturated
11080008,-0.997202111118726,Not saturated
11090101,-0.400773376714331,Not saturated
11090102,2.5473649157754306,Saturated
11090103,-0.9972362646866094,Not saturated
11090104,-0.40210772664875394,Not saturated
11090105,2.681944302805586,Saturated
11090106,-0.193652644499238,Not saturated
11090201,-0.8882688548377641,Not saturated
11090202,-1.0,Not saturated
11090203,0.07036637234541603,Saturated
11090204,3.8954690420820905,Saturated
11100101,-0.7697144904730058,Not saturated
11100102,-0.9906400416617298,Not saturated
11100103,16.101265903235497,Saturated
11100104,-0.998649379717718,Not saturated
11100201,0.1207087268618706,Saturated
11100202,-0.8925594351133236,Not saturated
11100203,-0.8988764668726146,Not saturated
11100301,-1.0,Not saturated
11100302,17.003625550438276,Saturated
11100303,-0.8569491864040046,Not saturated
11110101,27.91259604598013,Saturated
11110102,26.75929709485932,Saturated
11110103,-0.7765444154521394,Not saturated
11110104,-0.8857990133656758,Not saturated
11110105,-0.2667715057911264,Not saturated
11110201,3.3450242493506006,Saturated
11110202,1.6022540303840638,Saturated
11110203,-0.6751307153152465,Not saturated
11110204,20.93991129990869,Saturated
11110205,1.88920054032034,Saturated
11110206,2.3485845230702864,Saturated
11110207,31.27986176475953,Saturated
11120101,-0.9605290628258768,Not saturated
11120102,6.542099517369588,Saturated
11120103,-0.9781376095758216,Not saturated
11120104,-0.9497894108633868,Not saturated
11120105,11.67762172582059,Saturated
11120201,-0.5455700895502009,Not saturated
11120202,-0.9487124394515896,Not saturated
11120301,-0.443851197954348,Not saturated
11120302,2.9406766908521385,Saturated
11120303,-0.9943691362847132,Not saturated
11120304,0.9243458935834524,Saturated
11130101,8.582473900773135,Saturated
11130102,3.700554861155147,Saturated
11130103,10.380861591772794,Saturated
11130104,0.1143109244746909,Saturated
11130105,18.05809009130772,Saturated
11130201,0.9626281543666468,Saturated
11130202,-0.7598043318252649,Not saturated
11130203,5.0437372886716885,Saturated
11130204,1.8341081685780625,Saturated
11130205,6.917407590953253,Saturated
11130206,-0.9929268006856764,Not saturated
11130207,22.399246212982227,Saturated
11130208,-0.7719959125488314,Not saturated
11130209,6.91692023871208,Saturated
11130210,43.284159207930486,Saturated
11130301,3.766135155325921,Saturated
11130302,0.6601644327954032,Saturated
11130303,0.0034741745976210976,Saturated
11130304,14.352530088757813,Saturated
11140101,0.7843703405404845,Saturated
11140102,-1.0,Not saturated
11140103,3.630597025029636,Saturated
11140104,3.3298769518984135,Saturated
11140105,5.747962001917408,Saturated
11140106,3.1261945723047715,Saturated
11140107,13.434716637361287,Saturated
11140108,-0.5238095392917588,Not saturated
11140109,0.2636168353628688,Saturated
11140201,2.5641108935426056,Saturated
11140202,-0.8595143289985631,Not saturated
11140203,4.622289763643066,Saturated
11140204,-0.6407338512370475,Not saturated
11140205,20.91162526663121,Saturated
11140206,7.374501936289097,Saturated
11140207,5.215194255560982,Saturated
11140208,2.605098966955211,Saturated
11140209,1.225754281297839,Saturated
11140301,4.039137590924208,Saturated
11140302,1.6485050064667714,Saturated
11140303,-0.7850121747243186,Not saturated
11140304,4.750279475878884,Saturated
11140305,0.6261102418929748,Saturated
11140306,3.2436756039410906,Saturated
11140307,9.563269915199474,Saturated
12010001,1.0416609224391469,Saturated
12010002,3.7706063126529634,Saturated
12010003,1.1554741242134918,Saturated
12010004,1.5371399167712698,Saturated
12010005,1.4817954318491804,Saturated
12020001,-0.7251224030895734,Not saturated
12020002,3.899113380897541,Saturated
12020003,8.678643598111305,Saturated
12020004,5.518085044578424,Saturated
12020005,-0.2740896517742051,Not saturated
12020006,16.503034613979782,Saturated
12020007,-0.5424815612987994,Not saturated
12030101,22.86394588873941,Saturated
12030102,1.3164192351776949,Saturated
12030103,-0.9806772168288032,Not saturated
12030104,6.023628463229108,Saturated
12030105,2.874640351777268,Saturated
12030106,-0.858901634443164,Not saturated
12030107,0.9222610848958788,Saturated
12030108,-0.6626049119806112,Not saturated
12030109,-0.6841339389540249,Not saturated
12030201,-0.9287591126446476,Not saturated
12030202,-0.9952600715178852,Not saturated
12030203,2.485603772635232,Saturated
12040101,15.74425415855782,Saturated
12040102,0.5510700276357886,Saturated
12040103,6.0508731318599445,Saturated
12040104,4.281355266788878,Saturated
12040201,-0.32788058816668936,Not saturated
12040202,8.715687492150584,Saturated
12040203,-0.7525126416878894,Not saturated
12040204,-0.7752741099151318,Not saturated
12040205,1.4651432643701454,Saturated
12050001,-0.8615819918463211,Not saturated
12050002,-0.9645041391308417,Not saturated
12050003,20.298792018815266,Saturated
12050004,3.588612456485344,Saturated
12050005,-0.9526763477166172,Not saturated
12050006,0.1973093862105708,Saturated
12050007,0.3239915707292159,Saturated
12060101,1.4324983473321409,Saturated
12060102,0.4422109516744743,Saturated
12060103,4.700155296453247,Saturated
12060104,4.432602335945846,Saturated
12060105,5.086268373008781,Saturated
12060201,-0.36508548991320217,Not saturated
12060202,1.9960732764831064,Saturated
12060203,0.5709739309509607,Saturated
12060204,1.9771575795222671,Saturated
12070101,-0.2864828374087987,Not saturated
12070102,3.6083214550681917,Saturated
12070103,-0.9390585793437556,Not saturated
12070104,-0.9874349666899516,Not saturated
12070201,-0.12748425677571795,Not saturated
12070202,6.93727337722304,Saturated
12070203,9.842839636691552,Saturated
12070204,3.032400590690345,Saturated
12070205,3.9123836044286673,Saturated
12080001,-0.5654955936248526,Not saturated
12080002,-0.6269173513381704,Not saturated
12080003,-0.9299699330029396,Not saturated
12080004,1.8690646354026303,Saturated
12080005,-1.0,Not saturated
12080006,-0.9845373791426386,Not saturated
12080007,3.3700644640574886,Saturated
12080008,0.39535608884483137,Saturated
12090101,25.111993092267927,Saturated
12090102,1.6995259742833415,Saturated
12090103,7.237515100626241,Saturated
12090104,20.871219285636847,Saturated
12090105,0.045479915783153566,Saturated
12090106,6.2911149956791075,Saturated
12090107,1.470877428260284,Saturated
12090108,2.6524103702667814,Saturated
12090109,3.223387966500991,Saturated
12090110,-0.9882639419132504,Not saturated
12090201,5.4306923619689105,Saturated
12090202,-0.8654084213829057,Not saturated
12090203,0.28859669488296114,Saturated
12090204,5.369820231992817,Saturated
12090205,21.252253407441614,Saturated
12090206,-0.4425969847155691,Not saturated
12090301,-0.053738128753170036,Not saturated
12090302,-0.1949859867175185,Not saturated
12090401,1.8155541335271284,Saturated
12090402,3.894452890445704,Saturated
12100101,-0.7936860029370709,Not saturated
12100102,-0.9749113984249396,Not saturated
12100201,-0.9866875512560336,Not saturated
12100202,-0.9540507325343828,Not saturated
12100203,-0.7752025046532195,Not saturated
12100204,-0.4151748430457495,Not saturated
12100301,0.12165722869783913,Saturated
12100302,1.452966150293595,Saturated
12100303,-0.9955437076758278,Not saturated
12100304,-0.8669551796498651,Not saturated
12100401,-0.3885905080698851,Not saturated
12100402,-0.5786098083594272,Not saturated
12100403,0.952926285371384,Saturated
12100404,125.08819123993484,Saturated
12100405,22.870989193004785,Saturated
12100406,2.835594323191973,Saturated
12100407,4.092469680829413,Saturated
12110101,-0.8893436447911468,Not saturated
12110102,-0.7714075428161442,Not saturated
12110103,1.8356005488493037,Saturated
12110104,5.909948904508728,Saturated
12110105,12.638524140847284,Saturated
12110106,6.130399604103063,Saturated
12110107,-0.9212449027502416,Not saturated
12110108,7.240339853571378,Saturated
12110109,2.5267134442199546,Saturated
12110110,-0.1362835477160894,Not saturated
12110111,1.8817190355901563,Saturated
12110201,28.02880155841939,Saturated
12110202,53.54023342205647,Saturated
12110203,8.339845637107537,Saturated
12110204,2.492808642640106,Saturated
12110205,12.72003041630441,Saturated
12110206,24.592742884973106,Saturated
12110207,5.971910345260078,Saturated
12110208,8.67422319294258,Saturated
13010001,13.565978370811123,Saturated
13010002,-0.5203216540497463,Not saturated
13010003,3.112457207094633,Saturated
13010004,8.457360736251555,Saturated
13010005,91.53237160894591,Saturated
13020101,20.40859143737223,Saturated
13020102,37.383132141144266,Saturated
13020201,4.173137408002591,Saturated
13020202,21.02723827832747,Saturated
13020203,11.816429723890044,Saturated
13020204,-0.8636022447229518,Not saturated
13020205,170.6698367187369,Saturated
13020206,228.70151378757924,Saturated
13020207,7.274784469022513,Saturated
13020208,26.372288590264958,Saturated
13020209,25.685125135593196,Saturated
13020210,17.8772336094022,Saturated
13020211,25.78539178710505,Saturated
13030101,45.735308999318114,Saturated
13030102,2.764210531109571,Saturated
13030103,68.04712153347633,Saturated
13030200,56946.853453652286,Saturated
13030201,38.87676300567936,Saturated
13030202,-0.9938735114954966,Not saturated
13040100,0.5897018601189626,Saturated
13040201,-1.0,Not saturated
13040202,-0.7168213989804815,Not saturated
13040203,4.9112130322314815,Saturated
13040204,191.27605096728738,Saturated
13040205,184.1168267736976,Saturated
13040206,74.29046717116071,Saturated
13040207,534.5249395588164,Saturated
13040208,33.37978918451182,Saturated
13040209,6.5300714041923476,Saturated
13040210,11.082064137032203,Saturated
13040211,281.24484961418966,Saturated
13040212,357.044708299457,Saturated
13040301,39.596776069030064,Saturated
13040302,675.0760924292831,Saturated
13040303,845.4193136708694,Saturated
13050001,4.877973934226993,Saturated
13050002,-1.0,Not saturated
13050003,7.1513765800705285,Saturated
13050004,6.014072962131211,Saturated
13060001,-0.6267024715173846,Not saturated
13060002,-0.044508578836386925,Not saturated
13060003,1.023981594735963,Saturated
13060004,-0.8306225669602969,Not saturated
13060005,-1.0,Not saturated
13060006,2.7486991282931683,Saturated
13060007,-0.7083854097132873,Not saturated
13060008,-0.9451606584975474,Not saturated
13060009,-1.0,Not saturated
13060010,28.990581965069648,Saturated
13060011,-0.22079593164995967,Not saturated
13070001,7.597789538647647,Saturated
13070002,7.130581892226868,Saturated
13070003,44.63400325238612,Saturated
13070004,6.448889542563634,Saturated
13070005,10.853728549707077,Saturated
13070006,-1.0,Not saturated
13070007,-0.201139214835079,Not saturated
13070008,115.68695302480197,Saturated
13070009,-0.8427833101771464,Not saturated
13070010,32.698449343499504,Saturated
13070011,242.28763490299343,Saturated
13070012,-0.882162210596578,Not saturated
13080001,0.3154924187429045,Saturated
13080002,19.75957894740793,Saturated
13080003,3.2171975175649408,Saturated
13090001,-0.8423305950286535,Not saturated
14010001,2.3119854854495423,Saturated
14010002,0.09099900993526094,Saturated
14010003,1.3606729356755958,Saturated
14010004,38.03583431663147,Saturated
14010005,40.30689458496183,Saturated
14020001,22.657040093814906,Saturated
14020002,6.4068453143102015,Saturated
14020003,76.2465241774048,Saturated
14020004,-0.8821225856040791,Not saturated
14020005,-0.9863196406418054,Not saturated
14020006,2.7025450574064576,Saturated
14030001,259.5460553075934,Saturated
14030002,58.94786952238166,Saturated
14030003,53.67047206529874,Saturated
14030004,1.8290670792372816,Saturated
14030005,1831.7995505076208,Saturated
14040101,-0.9656917036528524,Not saturated
14040102,64.24333435263122,Saturated
14040103,97.82877928081328,Saturated
14040104,-0.3186273639661348,Not saturated
14040105,0.7561779338989517,Saturated
14040106,568.2420001862994,Saturated
14040107,-0.995443197607758,Not saturated
14040108,21.496584407012037,Saturated
14040109,48.82523404908212,Saturated
14040200,-1.0,Not saturated
14050001,5.318895461637156,Saturated
14050002,12.10517001129749,Saturated
14050003,8.884034973951296,Saturated
14050004,808.0754506283783,Saturated
14050005,2.325428244637061,Saturated
14050006,245.4500429790096,Saturated
14050007,32.77737504540738,Saturated
14060001,6.1018054269042805,Saturated
14060002,8.760057804765482,Saturated
14060003,-0.9899805148335248,Not saturated
14060004,378.0639729653816,Saturated
14060005,17.6269504059386,Saturated
14060006,588.5289507480309,Saturated
14060007,7.090734973806075,Saturated
14060008,-1.0,Not saturated
14060009,2.052725577064233,Saturated
14070001,0.7613392507085223,Saturated
14070002,1.2295250170882035,Saturated
14070003,8.169876708543875,Saturated
14070004,196.43214420727318,Saturated
14070005,0.0742218734868885,Saturated
14070006,4.148333922954789,Saturated
14070007,6.230861180100652,Saturated
14080101,0.3082736342226509,Saturated
14080102,3.2668985754066324,Saturated
14080103,-1.0,Not saturated
14080104,135.19462595916022,Saturated
14080105,-0.27743958435694005,Not saturated
14080106,-1.0,Not saturated
14080107,4.664952446608722,Saturated
14080201,97.78255931131079,Saturated
14080202,8.502179544851455,Saturated
14080203,67.55975493938746,Saturated
14080204,66.05852311295574,Saturated
14080205,1.6388418857963083,Saturated
15010001,74.40575670080138,Saturated
15010002,238.1668628214907,Saturated
15010003,0.35302050921959016,Saturated
15010004,-0.8917248501956768,Not saturated
15010005,131.99017453261806,Saturated
15010006,3360.273305795829,Saturated
15010007,53.916883863777706,Saturated
15010008,48.86491560413416,Saturated
15010009,17.77906416821234,Saturated
15010010,8.819230071661478,Saturated
15010011,91.26455305103266,Saturated
15010012,18.565926910491683,Saturated
15010013,258.1919577131562,Saturated
15010014,24.871449066834327,Saturated
15010015,872.6036356072597,Saturated
15020001,424.8371958265551,Saturated
15020002,27.739218711233374,Saturated
15020003,-0.6017247822337803,Not saturated
15020004,-0.6927073584552816,Not saturated
15020005,-0.8977685256922165,Not saturated
15020006,149.11403270066475,Saturated
15020007,-0.1129333324541622,Not saturated
15020008,50.08888272503685,Saturated
15020009,38.32039059153039,Saturated
15020010,11.899940273250106,Saturated
15020011,4.915848543498802,Saturated
15020012,21.968536701620124,Saturated
15020013,-0.988285684417162,Not saturated
15020014,217.34061086918098,Saturated
15020015,43.21991528105431,Saturated
15020016,32.38575093824293,Saturated
15020017,1.2043868302405802,Saturated
15020018,0.9762675944541612,Saturated
15030101,153.46506784307704,Saturated
15030102,61.57005790848386,Saturated
15030103,52.68590960035584,Saturated
15030104,0.8570916564427036,Saturated
15030105,209.52164751538197,Saturated
15030106,3848.6836408053773,Saturated
15030107,5.788335496762543,Saturated
15030108,-0.2868682905800956,Not saturated
15030201,47.92750281604086,Saturated
15030202,2910.387883175454,Saturated
15030203,121.6017547109799,Saturated
15030204,10.29465090058467,Saturated
15040001,20.303960130146827,Saturated
15040002,-0.7980286832861115,Not saturated
15040003,-1.0,Not saturated
15040004,807.2962699966464,Saturated
15040005,8.792189563935795,Saturated
15040006,-1.0,Not saturated
15040007,244.1030368368977,Saturated
15050100,2.3181728804212614,Saturated
15050201,17.83555059392917,Saturated
15050202,88.64462204246841,Saturated
15050203,162.1095555934827,Saturated
15050301,29.012369368518662,Saturated
15050302,58.10349625001855,Saturated
15050303,2.8271426055475666,Saturated
15050304,11.232827220451904,Saturated
15050305,17.419057597181336,Saturated
15050306,6.7559311826812065,Saturated
15060101,3.4026067751404434,Saturated
15060102,354.7811613987793,Saturated
15060103,36.6813741313641,Saturated
15060104,14144.978355288977,Saturated
15060105,510.72935720769067,Saturated
15060106,20.69822468535715,Saturated
15060201,5.192393423990512,Saturated
15060202,16.004814506018,Saturated
15060203,46.27938005540214,Saturated
15070101,-0.5565697766923677,Not saturated
15070102,-0.9433147449071564,Not saturated
15070103,0.18679976505898302,Saturated
15070104,-0.9855247986621068,Not saturated
15070201,-0.9690868256796874,Not saturated
15070202,0.3636124892380441,Saturated
15070203,2205.8727502765964,Saturated
15080101,-0.2549017209417127,Not saturated
15080102,3376.764962158313,Saturated
15080103,318.02442386306063,Saturated
15080200,6999.0880452704405,Saturated
15080301,0.9461263091066836,Saturated
15080302,4845.212701351374,Saturated
15080303,1030.0623563202867,Saturated
16010101,7.377211730236177,Saturated
16010102,-0.8766210141460518,Not saturated
16010201,2.2034664440153025,Saturated
16010202,0.34787891168844715,Saturated
16010203,14.035404290818311,Saturated
16010204,-0.6207457257371667,Not saturated
16020101,1.7642396097120672,Saturated
16020102,-0.7745164038135666,Not saturated
16020201,-0.9918243886308729,Not saturated
16020202,-0.27236178895508795,Not saturated
16020203,-0.8947904113342597,Not saturated
16020204,-0.18960494016883128,Not saturated
16020301,-0.2947461959304604,Not saturated
16020302,-0.9922001939369888,Not saturated
16020303,136.70031243637246,Saturated
16020304,46.40992716662746,Saturated
16020305,-0.8929193109493092,Not saturated
16020306,-1.0,Not saturated
16020307,460.4911800092164,Saturated
16020308,13.665815937539827,Saturated
16020309,-0.7101116345012192,Not saturated
16020310,2.7197650648115115,Saturated
16030001,11.13430033515836,Saturated
16030002,12.826844424955006,Saturated
16030003,9.961983810047892,Saturated
16030004,-0.4132585884716855,Not saturated
16030005,-0.9661946230182074,Not saturated
16030006,0.5417342801586061,Saturated
16030007,-0.07199096300966053,Not saturated
16030008,69.29877870109827,Saturated
16030009,1.846603424354832,Saturated
16040101,-1.0,Not saturated
16040102,45.0533395348471,Saturated
16040103,11.24522946707607,Saturated
16040104,62.4370503144903,Saturated
16040105,2.283463244706284,Saturated
16040106,22.493625820719966,Saturated
16040107,7.9874658558477725,Saturated
16040108,7.431973905020405,Saturated
16040109,-0.7603636950550231,Not saturated
16040201,8.112888957612544,Saturated
16040202,132.95669731522517,Saturated
16040203,14.543604716876311,Saturated
16040204,-1.0,Not saturated
16040205,1981.0576971066346,Saturated
16050101,33.903172028041126,Saturated
16050102,-0.18448930330675756,Not saturated
16050103,23.44064630646532,Saturated
16050104,17.900051877880188,Saturated
16050201,-0.9471499559553082,Not saturated
16050202,12.891319952912063,Saturated
16050203,1.5610898156931927,Saturated
16050301,350.06397098604936,Saturated
16050302,0.3159307319744759,Saturated
16050303,-0.9100443242885492,Not saturated
16050304,88.27508084583404,Saturated
16060001,54.18615615383933,Saturated
16060002,1245.1608540794361,Saturated
16060003,3.5674856735144185,Saturated
16060004,44.79900128594185,Saturated
16060005,37.65834272461127,Saturated
16060006,-0.45361394366436797,Not saturated
16060007,4.112211406778896,Saturated
16060008,-1.0,Not saturated
16060009,313.73331169678266,Saturated
16060010,27.930369946965264,Saturated
16060011,252.43653368815902,Saturated
16060012,52.34671278805581,Saturated
16060013,11.224883575070452,Saturated
16060014,18.086621950368162,Saturated
16060015,1.4611798143859425,Saturated
17010101,28.961810687827832,Saturated
17010102,4.2390561807996985,Saturated
17010103,441.6633870561312,Saturated
17010104,4.323530529016926,Saturated
17010105,5.23684066730209,Saturated
17010201,7.185889298843478,Saturated
17010202,5.824592318048135,Saturated
17010203,-0.7279766855071805,Not saturated
17010204,-0.3891164109476895,Not saturated
17010205,0.6899545673512565,Saturated
17010206,51.293533822095135,Saturated
17010207,11.501830580642073,Saturated
17010208,2.4404263507941297,Saturated
17010209,58.870656222665254,Saturated
17010210,9.205163024064026,Saturated
17010211,-0.8853674606926101,Not saturated
17010212,10.778458079046258,Saturated
17010213,8.143881775209444,Saturated
17010214,-0.9310160577124194,Not saturated
17010215,29.28602268666657,Saturated
17010216,-1.0,Not saturated
17010301,1852.585550260525,Saturated
17010302,1171.1595424345312,Saturated
17010303,18.092177102802406,Saturated
17010304,2.254351291255284,Saturated
17010305,307.71819661951224,Saturated
17010306,2.05301489710585,Saturated
17010307,5.323873749556208,Saturated
17010308,56.09757021545297,Saturated
17020001,54.750815330093566,Saturated
17020002,0.4988782514233086,Saturated
17020003,9.177016648534432,Saturated
17020004,154.18676833496062,Saturated
17020005,0.4305718648296348,Saturated
17020006,-0.5824038069344057,Not saturated
17020007,6.3415400193435785,Saturated
17020008,3.522649138850228,Saturated
17020009,32.39819122421561,Saturated
17020010,-0.9963518462557888,Not saturated
17020011,-0.9071561225052148,Not saturated
17020012,2.6772296962196758,Saturated
17020013,-0.4759196703202209,Not saturated
17020014,150.01666109816497,Saturated
17020015,0.6018980538940937,Saturated
17020016,-0.9900886192812988,Not saturated
17030001,41.34724924707134,Saturated
17030002,13.520813048706293,Saturated
17030003,-0.90434154028355,Not saturated
17040101,43.419133984408035,Saturated
17040102,67.25846933040751,Saturated
17040103,-0.5036650810816212,Not saturated
17040104,19.488812838156345,Saturated
17040105,34.27049678299509,Saturated
17040201,-0.6137482985921275,Not saturated
17040202,-0.17896239858552035,Not saturated
17040203,-0.6019172186672621,Not saturated
17040204,184.3317719078974,Saturated
17040205,35.57234659252185,Saturated
17040206,-0.9497689213323603,Not saturated
17040207,9.253638073926467,Saturated
17040208,-0.13237589742726374,Not saturated
17040209,-0.8472228081394818,Not saturated
17040210,7.056087958521433,Saturated
17040211,-0.6915682777189008,Not saturated
17040212,-0.8668691070628658,Not saturated
17040213,0.12829694459784033,Saturated
17040214,2.28909822057427,Saturated
17040215,0.9578980810083648,Saturated
17040216,1.078082525237788,Saturated
17040217,25.782156150784587,Saturated
17040218,-0.8558914769889046,Not saturated
17040219,0.5691740974073961,Saturated
17040220,-0.9761497436359646,Not saturated
17040221,13.843542743865587,Saturated
17050101,1.5753248939391835,Saturated
17050102,18.93178931226004,Saturated
17050103,-0.3367129000837328,Not saturated
17050104,50.49565945092756,Saturated
17050105,394.2657638462764,Saturated
17050106,33.13289081403448,Saturated
17050107,4.9161796499770025,Saturated
17050108,-0.6594918509105615,Not saturated
17050109,21.736865059137006,Saturated
17050110,4.070250887351991,Saturated
17050111,-1.0,Not saturated
17050112,12.642517799397632,Saturated
17050113,-0.9623092497405794,Not saturated
17050114,-1.0,Not saturated
17050115,6.7794825499317595,Saturated
17050116,1.3387412666545366,Saturated
17050117,2.9578616049881736,Saturated
17050118,5.445048822546041,Saturated
17050119,-0.8642047808498641,Not saturated
17050120,29.172476872044378,Saturated
17050121,0.13009923271898838,Saturated
17050122,2.204051006463826,Saturated
17050123,5.399939374842226,Saturated
17050124,4.4556436400368735,Saturated
17050201,5.1881220292349415,Saturated
17050202,-0.6333743643122179,Not saturated
17050203,2.6941279014051367,Saturated
17060101,201.5127873496231,Saturated
17060102,162.82183797819226,Saturated
17060103,41.07984187884436,Saturated
17060104,10.965182100620305,Saturated
17060105,-0.2312803332837231,Not saturated
17060106,45.805429651025285,Saturated
17060107,3.933633473558624,Saturated
17060108,3.1621489414701234,Saturated
17060109,5.595158637796236,Saturated
17060110,11.804691990241993,Saturated
17060201,28.652077002990012,Saturated
17060202,52.310835921895716,Saturated
17060203,9.671059385619762,Saturated
17060204,7.544834234778312,Saturated
17060205,15.90648933072084,Saturated
17060206,12.495273127743552,Saturated
17060207,85.82751793931119,Saturated
17060208,28.477862725041426,Saturated
17060209,10.14921804543266,Saturated
17060210,5.809685254664309,Saturated
17060301,4.425880680431002,Saturated
17060302,74.9599132505098,Saturated
17060303,7.340173704299171,Saturated
17060304,21.861127369185592,Saturated
17060305,1.0604982977476758,Saturated
17060306,-0.9979336001353346,Not saturated
17060307,20.05602764210148,Saturated
17060308,0.8791919135747184,Saturated
17070101,-0.6964603769241362,Not saturated
17070102,0.8065187272984972,Saturated
17070103,-0.8903333534689071,Not saturated
17070104,19.70359261870873,Saturated
17070105,5.9355130154519005,Saturated
17070106,-0.9782334477930308,Not saturated
17070201,-0.806660181412874,Not saturated
17070202,1.2071639335620992,Saturated
17070203,4.556265105843731,Saturated
17070204,0.37326734671251416,Saturated
17070301,0.8522266910829184,Saturated
17070302,29.35411601828477,Saturated
17070303,4.20809084201079,Saturated
17070304,4.399672151890728,Saturated
17070305,-0.9381789995913249,Not saturated
17070306,-0.9145614313487728,Not saturated
17070307,48.875777775199474,Saturated
17080001,632.7594454058446,Saturated
17080002,233.7005974547989,Saturated
17080003,11.50920243098415,Saturated
17080004,2.4306106188228034,Saturated
17080005,1.6971663936802177,Saturated
17080006,176.02024731787594,Saturated
17090001,58.21130986622097,Saturated
17090002,34.365781557705944,Saturated
17090003,1.6297678347763185,Saturated
17090004,16.16490161601747,Saturated
17090005,47.865028106967316,Saturated
17090006,9.296326894216136,Saturated
17090007,9.03334437263548,Saturated
17090008,11.895252910990408,Saturated
17090009,11.911280691157398,Saturated
17090010,1.2683559579320518,Saturated
17090011,12.087467036607961,Saturated
17090012,10.09370826070367,Saturated
17100101,45.052800906404435,Saturated
17100102,64.25915976153925,Saturated
17100103,3.2430651324510853,Saturated
17100104,31.052780477530288,Saturated
17100105,29.609997019169622,Saturated
17100106,161.51061854273792,Saturated
17100201,73.71903381167711,Saturated
17100202,1.5507305150128403,Saturated
17100203,-0.8918535354326343,Not saturated
17100204,0.08854076021779249,Saturated
17100205,6.154984759616903,Saturated
17100206,119.06241379644591,Saturated
17100207,1867.8454676247213,Saturated
17100301,40.27254516752412,Saturated
17100302,1.7272668686145238,Saturated
17100303,53.85135130485877,Saturated
17100304,164.65119733329698,Saturated
17100305,94.00553800808251,Saturated
17100306,96.70713894035549,Saturated
17100307,34.93361767939465,Saturated
17100308,12.803175902654575,Saturated
17100309,80.97094272006194,Saturated
17100310,137.24521290552252,Saturated
17100311,15.138251810106851,Saturated
17100312,263.34033971139326,Saturated
17110001,4.063513135837079,Saturated
17110002,6.353172596083878,Saturated
17110003,100.48760882109262,Saturated
17110004,7.481861992461443,Saturated
17110005,5.777104275040332,Saturated
17110006,-0.11117181803243203,Not saturated
17110007,-0.6750584307368948,Not saturated
17110008,-0.20310788340849192,Not saturated
17110009,15.166420998741104,Saturated
17110010,2.339785278383571,Saturated
17110011,0.8827432854268883,Saturated
17110012,6.74307298906016,Saturated
17110013,2.8141910070672798,Saturated
17110014,0.8187433825694127,Saturated
17110015,28.04042531982468,Saturated
17110016,10.26664867234245,Saturated
17110017,515.8177342465289,Saturated
17110018,60.2132225349751,Saturated
17110019,-0.08132593827706933,Not saturated
17110020,14.277552109298501,Saturated
17110021,74.09521819357427,Saturated
17120001,-0.9464341852591598,Not saturated
17120002,0.4627643258972709,Saturated
17120003,55.052025715897656,Saturated
17120004,4.861517422562868,Saturated
17120005,1.3042827790304503,Saturated
17120006,50.37703764034526,Saturated
17120007,23.42780651603937,Saturated
17120008,1.3194845348148614,Saturated
17120009,5.576800717799947,Saturated
18010101,35.344298852340565,Saturated
18010102,62.65597658715025,Saturated
18010103,30.023260014901773,Saturated
18010104,54.86744454463211,Saturated
18010105,6.664211780520196,Saturated
18010106,46.57516120026482,Saturated
18010107,19.308632957431808,Saturated
18010108,47.7958392428854,Saturated
18010109,-0.8375516841972875,Not saturated
18010110,1.8000321011378329,Saturated
18010201,0.3872469903361511,Saturated
18010202,9.19062764184324,Saturated
18010203,-0.9782379418890887,Not saturated
18010204,0.9100219765233136,Saturated
18010205,20.925971457487652,Saturated
18010206,20.08502506533895,Saturated
18010207,0.3229741103664732,Saturated
18010208,11.285882929525936,Saturated
18010209,1.5691373338852543,Saturated
18010210,105.26477749634662,Saturated
18010211,2447.4868824944033,Saturated
18010212,320.386723689047,Saturated
18020001,0.2402468213226356,Saturated
18020002,8.899712718691177,Saturated
18020003,2.727755823604072,Saturated
18020004,32.901444790332,Saturated
18020005,768.6967453228057,Saturated
18020104,1.5182062796070337,Saturated
18020111,11.853081219928649,Saturated
18020115,3.7947944153655917,Saturated
18020116,14.452366409147794,Saturated
18020121,90.76445765065516,Saturated
18020122,44.39068712701177,Saturated
18020123,1.3000541583155254,Saturated
18020125,283.17586705556687,Saturated
18020126,9.68729253859278,Saturated
18020128,693.7535694208368,Saturated
18020129,177.42311609705186,Saturated
18020151,40.024586305981,Saturated
18020152,18.92129576288933,Saturated
18020153,23.443427594102765,Saturated
18020154,1.0687507590214251,Saturated
18020155,0.7306033106363924,Saturated
18020156,-0.25566059134023755,Not saturated
18020157,-0.708240925966116,Not saturated
18020158,-0.8305382150546423,Not saturated
18020159,-0.8710203546716191,Not saturated
18020161,8.403916795713334,Saturated
18020162,-0.6697494468966231,Not saturated
18020163,-0.997489546807538,Not saturated
18030001,1.1861602635027646,Saturated
18030002,0.041111228912672326,Saturated
18030003,41.95134883054347,Saturated
18030004,-0.6584760759617022,Not saturated
18030005,-0.9678336124767729,Not saturated
18030006,-0.8851371527153148,Not saturated
18030007,-0.9625231495823302,Not saturated
18030009,-0.9950350745503876,Not saturated
18030010,0.6513384247035631,Saturated
18030012,-0.6727365331363665,Not saturated
18040001,-0.8406424172905754,Not saturated
18040002,1.0511582781329658,Saturated
18040003,7.854922340715997,Saturated
18040006,17.09290517600669,Saturated
18040007,5.440533685248053,Saturated
18040008,4.616127389417942,Saturated
18040009,-0.963373614845332,Not saturated
18040010,5.616914747823142,Saturated
18040011,1.333222115063568,Saturated
18040012,1.899006466661312,Saturated
18040013,-0.9462804077762578,Not saturated
18040014,5.1529087768272746,Saturated
18040051,6.676233853270707,Saturated
18050001,-0.6514538720398141,Not saturated
18050002,-0.5901787061907663,Not saturated
18050003,5.98344975953153,Saturated
18050004,-0.7534873466512931,Not saturated
18050005,-0.905051533052822,Not saturated
18050006,0.428912874618864,Saturated
18060001,20.264982083869423,Saturated
18060002,8.504447502929539,Saturated
18060003,4.957701806542937,Saturated
18060004,4.283034575598999,Saturated
18060005,0.10164739273495524,Saturated
18060006,6.318586146183198,Saturated
18060007,10.663019423598444,Saturated
18060008,20.509880537941527,Saturated
18060009,39.745725539927136,Saturated
18060010,6.397744204077961,Saturated
18060011,131.72135018164,Saturated
18060012,1.8115805045742717,Saturated
18060013,21.808077375509342,Saturated
18060014,49.908153019552024,Saturated
18070101,16.028324312912172,Saturated
18070102,2.1581576455017317,Saturated
18070103,4.353359412381239,Saturated
18070104,606.9726335993963,Saturated
18070105,27.125919857585927,Saturated
18070106,37.44418835510259,Saturated
18070107,7149.738835234218,Saturated
18070201,2426.5481487203,Saturated
18070202,-0.9102895884567194,Not saturated
18070203,-0.8992726936606206,Not saturated
18070204,1.935773973813236,Saturated
18070301,3.1476415212003745,Saturated
18070302,-0.7028310688939999,Not saturated
18070303,4.506772997700176,Saturated
18070304,49.273140253294834,Saturated
18070305,123.93580040383101,Saturated
18080001,59.77658151655464,Saturated
18080002,140.6514547116776,Saturated
18080003,20.957957269018948,Saturated
18090101,313.38325139523533,Saturated
18090102,45.447035504501535,Saturated
18090103,-0.9004292840610377,Not saturated
18090201,31.15199110650401,Saturated
18090202,53.50794053736814,Saturated
18090203,7290.371198374184,Saturated
18090204,14610.136867952802,Saturated
18090205,534.6896731017288,Saturated
18090206,0.004227866701559018,Saturated
18090207,50.69689430941871,Saturated
18090208,8.728595753296831,Saturated
18100100,2.742151694375935,Saturated
18100201,8.26363025388522,Saturated
18100202,0.0,
18100203,0.0,
18100204,0.0,
