HUC_8,M3P_ppm,Soil Fertility Level
01010001,316.37256528617166,Excesive
01010002,166.86830438988932,Excesive
01010003,211.4305671151337,Excesive
01010004,619.4659231061852,Excesive
01010005,221.6315114299139,Excesive
01020001,122.37506258083401,Excesive
01020002,532.5308516784202,Excesive
01020003,457.0004604447052,Excesive
01020005,204.58851356950169,Excesive
01030001,268.8153328184232,Excesive
01030003,210.9054879116228,Excesive
01040001,146.59015418921757,Excesive
01040002,126.96144780925728,Excesive
01050001,129.50312940006822,Excesive
01050002,155.44018128334503,Excesive
01060001,31.427308480441905,Medium
01060002,457.0004604447052,Excesive
01060003,80.34521994759227,Excesive
01070001,96.68390927836222,Excesive
01070002,122.45833732557516,Excesive
01080101,86.45813614840405,Excesive
01080104,279.0780549524937,Excesive
01080105,99.82871471814751,Excesive
01080201,87.93223593605269,Excesive
01080204,179.01560803988198,Excesive
01080205,364.9360507327446,Excesive
01080206,171.69318050076387,Excesive
01080207,66.06592238359268,Excesive
01090001,134.20822960204856,Excesive
01090002,4.460646339662636,Very Low
01090003,440.7601986418638,Excesive
01090004,24.776481576580466,Low
01090005,44.24503697486066,Optimium
01100004,359.5298184201236,Excesive
01100005,296.88555662432236,Excesive
01110000,527.153912248272,Excesive
02010001,221.90435310647862,Excesive
02010002,84.1030336466222,Excesive
02010003,11.424443415211602,Very Low
02010004,160.79940139254228,Excesive
02010005,357.67489589884667,Excesive
02010006,4.919929322401702,Very Low
02010007,226.7651841214656,Excesive
02020001,676.3530115764818,Excesive
02020002,129.7219545443493,Excesive
02020003,283.1161475033056,Excesive
02020004,178.74399406592624,Excesive
02020005,92.92111500316437,Excesive
02020006,154.77516309584752,Excesive
02020008,217.68028515923905,Excesive
02030101,135.8364810710051,Excesive
02030103,138.74287242339034,Excesive
02030104,397.4178899768737,Excesive
02030105,287.93148652391636,Excesive
02040102,0.3058607788459197,Very Low
02040103,268.08038120013197,Excesive
02040104,181.8476771473684,Excesive
02040105,473.2256630280367,Excesive
02040201,116.82296498291416,Excesive
02040202,29.264004431775952,Medium
02040203,536.5397654817981,Excesive
02040205,143.3240888473469,Excesive
02040206,60.98829443295183,Excesive
02040207,62.69332741272893,Excesive
02040301,354.12667987660365,Excesive
02050101,213.81468907273685,Excesive
02050102,320.5146037556944,Excesive
02050103,242.28581158430703,Excesive
02050104,159.70484338055545,Excesive
02050105,405.8015795342021,Excesive
02050106,316.42789158157836,Excesive
02050107,341.0386098104907,Excesive
02050201,121.33342392243469,Excesive
02050202,162.0799595102261,Excesive
02050203,163.28908714851636,Excesive
02050204,11.424443415211602,Very Low
02050205,424.5096172610795,Excesive
02050206,87.93223593605269,Excesive
02050301,221.6315114299139,Excesive
02050302,125.28587139767694,Excesive
02050303,289.6983590852288,Excesive
02050304,639.3300331499373,Excesive
02050305,99.30257073543514,Excesive
02050306,156.73694029794305,Excesive
02060002,93.86765639602207,Excesive
02060003,489.43178764946487,Excesive
02060004,47.099357582938346,Optimium
02060005,47.099357582938346,Optimium
02060006,211.4305671151337,Excesive
02060007,15.722464434000855,Very Low
02060009,408.2542731034677,Excesive
02070002,219.14256339291012,Excesive
02070003,29.07182552191811,Medium
02070004,137.49938136561482,Excesive
02070005,112.46300662807482,Excesive
02070006,148.48367530590713,Excesive
02070008,279.0723073899841,Excesive
02070009,156.6325835836725,Excesive
02070010,105.45818971510964,Excesive
02080102,6.9481410846701435,Very Low
02080103,50.04372970937753,Excesive
02080104,9.75285910312285,Very Low
02080105,20.169226073652002,Low
02080106,18.287909765673138,Low
02080109,11.277010907590144,Very Low
02080201,33.50928176913727,Medium
02080202,56.58263998326552,Excesive
02080203,554.6957191747518,Excesive
02080205,4.460646339662636,Very Low
02080206,25.242922563569174,0
02080207,86.4355211033823,Excesive
02080208,2.162444839083326,Very Low
03010101,136.27358742679456,Excesive
03010102,4.460646339662636,Very Low
03010103,99.88820499065672,Excesive
03010104,129.82235225080024,Excesive
03010106,128.01548750781424,Excesive
03010107,95.79703182080613,Excesive
03010201,1.7476735402665755,Very Low
03010202,8.978201218253114,Very Low
03010204,22.329341616086687,Low
03010205,77.81179272273435,Excesive
03020101,52.94344350119349,Excesive
03020103,170.78071405845276,Excesive
03020104,19.056663574075273,Low
03020201,216.6884879044909,Excesive
03020203,125.28587139767694,Excesive
03020204,36.422924900990026,Optimium
03030001,33.983182992546546,Medium
03030002,185.6863398454432,Excesive
03030003,88.71598449345863,Excesive
03030004,166.86830438988932,Excesive
03030005,13.480968189693213,Very Low
03030006,113.26283995878003,Excesive
03040101,108.31195107975098,Excesive
03040102,157.32972725088482,Excesive
03040103,59.40316948447614,Excesive
03040104,366.78031600421394,Excesive
03040105,251.4269536337352,Excesive
03040201,11.752530197369358,Very Low
03040202,22.773526563413874,Low
03040204,108.08085836133871,Excesive
03040205,110.15142201127705,Excesive
03040206,11.322797530762402,Very Low
03050103,99.16864961493178,Excesive
03050104,32.30523452584957,Medium
03050105,93.42079516258974,Excesive
03050106,14.279867674412653,Very Low
03050108,15.722464434000855,Very Low
03050109,214.93888164662258,Excesive
03050111,0.6143678172291728,Very Low
03050112,1.1081691724799985,Very Low
03050201,1.7476735402665755,Very Low
03050204,3.378775500602058,Very Low
03050205,10.174390484819675,Very Low
03050207,8.274049403728283,Very Low
03050208,5.8607628684082025,Very Low
03060101,124.09051860193571,Excesive
03060102,56.197124637342355,Excesive
03060103,2.4335615351704503,Very Low
03060104,182.55716768967704,Excesive
03060105,6.040232105263712,Very Low
03060107,84.12887968605557,Excesive
03060108,2.198810794737008,Very Low
03060109,2.162444839083326,Very Low
03060201,42.608774950039155,Optimium
03060203,5.3596573490720925,Very Low
03060204,141.03947106763002,Excesive
03070101,29.441567775771762,Medium
03070102,25.563799503736785,0
03070103,19.75856548028586,Low
03070104,5.2119871959032364,Very Low
03070105,86.84635211423182,Excesive
03070106,5.2119871959032364,Very Low
03070201,13.892052319150867,Very Low
03070202,6.040232105263712,Very Low
03070204,6.557827992109108,Very Low
03080101,0.4865825153359669,Very Low
03080102,2.1045980960415958,Very Low
03080103,0.718969844961908,Very Low
03080203,26.573409168706213,Medium
03090201,6.9481410846701435,Very Low
03090202,76.78662023660758,Excesive
03090204,1.2341528089646234,Very Low
03090205,125.28587139767694,Excesive
03100101,3.0870731085882004,Very Low
03100102,0.8476578805338841,Very Low
03100201,17.342034619277054,Low
03100205,5.2119871959032364,Very Low
03100208,347.86201253939834,Excesive
03110101,10.174390484819675,Very Low
03110102,738.2098415911228,Excesive
03110103,47.099357582938346,Optimium
03110201,4.54149637556559,Very Low
03110202,25.736046196575078,0
03110203,220.27440998729492,Excesive
03110205,41.48201746653701,Optimium
03120001,75.92916684935071,Excesive
03120002,2.6375597599241765,Very Low
03120003,3.176665765636363,Very Low
03130002,69.29433627559746,Excesive
03130003,33.831949373674576,Medium
03130005,21.856502356403183,Low
03130006,78.4908780827312,Excesive
03130007,14.618563958121548,Very Low
03130008,26.95184211554232,Medium
03130009,41.25383239333779,Optimium
03130010,66.49790047169857,Excesive
03130012,8.274049403728283,Very Low
03140101,17.342034619277054,Low
03140104,9.012975282065256,Very Low
03140106,0.7953783180796963,Very Low
03140201,41.612909158503115,Optimium
03140202,59.515297578805104,Excesive
03140203,79.8718737606033,Excesive
03140304,5.865152097028762,Very Low
03140305,11.424443415211602,Very Low
03150101,1.3894549822218485,Very Low
03150103,36.97190463525061,Optimium
03150104,29.07182552191811,Medium
03150105,50.04372970937753,Excesive
03150106,108.14200370078592,Excesive
03150107,54.824617166668965,Excesive
03150109,295.7362077748439,Excesive
03150110,51.55937325550306,Excesive
03150201,3.781254450949658,Very Low
03150202,331.45723435981733,Excesive
03150203,133.73683386365562,Excesive
03150204,10.975438850125396,Very Low
03160101,64.20921071022265,Excesive
03160102,108.08085836133871,Excesive
03160103,2.913177506566204,Very Low
03160104,364.9360507327446,Excesive
03160105,29.922642451118488,Medium
03160106,40.10941953904853,Optimium
03160107,120.90183207821009,Excesive
03160108,14.618563958121548,Very Low
03160109,3.176665765636363,Very Low
03160110,21.649228374078284,Low
03160112,3.327299961246444,Very Low
03160113,41.48201746653701,Optimium
03160201,20.174660324347702,Low
03160202,0.44211541776083657,Very Low
03160203,1.3894549822218485,Very Low
03160204,0.6143678172291728,Very Low
03160205,5.2119871959032364,Very Low
03170002,145.41370967250862,Excesive
03170004,37.239862319126786,Optimium
03170005,4.79285042229716,Very Low
03170006,12.76484503521172,Very Low
03170007,14.617414696875446,Very Low
03170009,14.615527029447474,Very Low
03180001,93.30319257146208,Excesive
03180002,8.686878554905533,Very Low
03180003,14.279867674412653,Very Low
03180004,1.4717102693850481,Very Low
03180005,40.022353619167205,Optimium
04010101,53.07680086834649,Excesive
04010102,87.93223593605269,Excesive
04010201,161.239042218805,Excesive
04010202,206.2595138592108,Excesive
04010301,13.262077558423519,Very Low
04010302,27.864152644966484,Medium
04020101,78.56807161303374,Excesive
04020102,73.48653731863014,Excesive
04020104,6.040232105263712,Very Low
04020105,26.11542036879889,Medium
04020201,4.727545349913046,Very Low
04030101,120.90183207821009,Excesive
04030102,311.0657862956673,Excesive
04030104,76.53067134517279,Excesive
04030106,83.7786177169008,Excesive
04030107,24.776481576580466,Low
04030108,56.46709057372325,Excesive
04030110,3.5491030497934064,Very Low
04030111,73.05142783218655,Excesive
04030112,47.935253950312116,Optimium
04030201,67.53547136968153,Excesive
04030202,225.3347142642847,Excesive
04030203,147.95011665428981,Excesive
04050001,141.30245592368024,Excesive
04050002,13.851416389517475,Very Low
04050003,51.099686406463135,Excesive
04050004,81.23334167391502,Excesive
04050005,40.131506863883686,Optimium
04050006,241.11931915505104,Excesive
04050007,76.66071812812594,Excesive
04060101,1.3884063281562502,Very Low
04060102,69.27538395259342,Excesive
04060103,2.783124840034352,Very Low
04060104,0.20130165393754407,Very Low
04060105,1.551595276859411,Very Low
04060106,74.68216047630533,Excesive
04070002,8.403166866048458,Very Low
04070003,3.783253772244844,Very Low
04070004,196.31293138740762,Excesive
04070005,0.32170853584919035,Very Low
04070006,166.86830438988932,Excesive
04070007,2.162444839083326,Very Low
04080101,0.6143678172291728,Very Low
04080102,15.722464434000855,Very Low
04080103,50.348540485632206,Excesive
04080104,50.04372970937753,Excesive
04080201,13.976573671108413,Very Low
04080202,115.19057754153569,Excesive
04080204,137.2164122438854,Excesive
04090001,62.295128461226454,Excesive
04090003,74.2658636619033,Excesive
04090004,108.08085836133871,Excesive
04090005,101.04711692436459,Excesive
04100002,176.55304539964874,Excesive
04100003,6.040232105263712,Very Low
04100004,76.66071812812594,Excesive
04100005,224.51762737111244,Excesive
04100007,56.197124637342355,Excesive
04100008,387.4246802315001,Excesive
04100009,327.56920920381265,Excesive
04100010,332.5534677980076,Excesive
04100011,81.59363658120526,Excesive
04100012,191.327742194418,Excesive
04110001,148.43240509895074,Excesive
04110002,155.62795201312647,Excesive
04110003,129.7219545443493,Excesive
04120101,160.79940139254228,Excesive
04120102,199.02043963952903,Excesive
04120103,69.51921848737659,Excesive
04120104,424.5096172610795,Excesive
04130001,222.53872402107044,Excesive
04130002,354.12667987660365,Excesive
04140101,76.40301246241295,Excesive
04140102,186.61696571687062,Excesive
04140201,253.87178946619446,Excesive
04150101,176.91064469628188,Excesive
04150302,29.038974167680202,Medium
04150303,252.72231363695357,Excesive
04150305,2.6375597599241765,Very Low
05010001,167.38815750479444,Excesive
05010002,723.6771702368635,Excesive
05010003,52.56085076208636,Excesive
05010004,206.36562704385202,Excesive
05010005,79.01995349212477,Excesive
05010006,44.24503697486066,Optimium
05010007,137.40816710155153,Excesive
05010008,337.93998059204307,Excesive
05010009,99.82871471814751,Excesive
05020001,93.85105429712236,Excesive
05020003,134.20822960204856,Excesive
05020004,38.81143667421392,Optimium
05020005,237.09338706570682,Excesive
05020006,59.127624423079176,Excesive
05030101,444.6285497643268,Excesive
05030102,162.25539492499385,Excesive
05030103,284.37995460995614,Excesive
05030105,80.38187588737406,Excesive
05030106,216.5195902503092,Excesive
05030201,104.67027635594714,Excesive
05030202,9.012975282065256,Very Low
05030203,93.4069424162446,Excesive
05030204,198.98299317393642,Excesive
05040001,284.9029023968475,Excesive
05040003,177.91987051598124,Excesive
05040004,184.19880345187988,Excesive
05040005,44.24503697486066,Optimium
05040006,22.773526563413874,Low
05050001,314.14130753467987,Excesive
05050002,52.48502102438846,Excesive
05050003,114.70037841296413,Excesive
05050004,24.776481576580466,Low
05050005,46.47093589994474,Optimium
05050006,31.36383233544305,Medium
05050008,67.07338167799986,Excesive
05050009,300.3646320021785,Excesive
05060001,273.2560152656548,Excesive
05060002,159.13900293008376,Excesive
05060003,269.0165866117733,Excesive
05070101,62.69332741272893,Excesive
05070102,59.162769079969365,Excesive
05070202,183.7539667139373,Excesive
05070203,66.42892138273415,Excesive
05080001,225.84805676391915,Excesive
05080002,125.28587139767694,Excesive
05080003,526.3757605123209,Excesive
05090101,56.44659932695776,Excesive
05090104,47.099357582938346,Optimium
05090201,1877.5286848638848,Excesive
05090202,222.99379554898303,Excesive
05090203,36.23431114785739,Optimium
05100101,320.35498162464825,Excesive
05100102,864.246392748487,Excesive
05100201,206.36562704385202,Excesive
05100202,201.3259940182196,Excesive
05100203,6.9481410846701435,Very Low
05100204,10.174390484819675,Very Low
05100205,920.9131194152072,Excesive
05110001,143.14415686735433,Excesive
05110002,230.46650000480244,Excesive
05110003,29.07182552191811,Medium
05110004,129.7219545443493,Excesive
05110006,142.5431297514706,Excesive
05120101,348.86611591773993,Excesive
05120102,59.40316948447614,Excesive
05120103,246.50896220306342,Excesive
05120104,59.40316948447614,Excesive
05120106,154.76316530825918,Excesive
05120108,208.63965299805432,Excesive
05120109,164.24762574651038,Excesive
05120110,316.42789158157836,Excesive
05120111,559.8896815287868,Excesive
05120112,228.22089420383668,Excesive
05120113,160.52484836938362,Excesive
05120114,217.0250897221405,Excesive
05120115,17.342034619277054,Low
05120201,361.6878155569629,Excesive
05120202,121.21258972890915,Excesive
05120203,134.55815139638835,Excesive
05120204,796.6920427399701,Excesive
05120205,284.40148357157136,Excesive
05120206,142.49815030515742,Excesive
05120208,133.745106160785,Excesive
05120209,120.90183207821009,Excesive
05130101,128.1732582866195,Excesive
05130102,116.73556349883332,Excesive
05130103,207.9643219631608,Excesive
05130104,114.4043855092503,Excesive
05130105,84.13872794182248,Excesive
05130106,930.5182494752906,Excesive
05130107,76.66071812812594,Excesive
05130108,678.8185914466502,Excesive
05130201,1157.023431706866,Excesive
05130202,466.9609949173787,Excesive
05130203,156.7311987623571,Excesive
05130204,277.12793706274783,Excesive
05130205,186.8795568541981,Excesive
05130206,59.40316948447614,Excesive
05140101,69.51921848737659,Excesive
05140102,303.75218700757284,Excesive
05140103,584.3207200070738,Excesive
05140104,249.57723184073268,Excesive
05140201,489.43132064242104,Excesive
05140202,80.34521994759227,Excesive
05140203,157.21109710330109,Excesive
05140204,129.80463490612854,Excesive
05140205,216.62274688009398,Excesive
06010101,273.77615529503134,Excesive
06010102,247.4957748255497,Excesive
06010103,263.2214374579675,Excesive
06010104,183.94039379703327,Excesive
06010105,305.711165894878,Excesive
06010106,252.79282649714781,Excesive
06010108,191.327742194418,Excesive
06010201,108.08085836133871,Excesive
06010202,407.0476974854969,Excesive
06010205,29.07182552191811,Medium
06010206,273.77615529503134,Excesive
06010208,233.61646819603402,Excesive
06020001,15.668297877979722,Very Low
06020002,326.0143352672332,Excesive
06030001,215.1595908243422,Excesive
06030002,41.50268515579965,Optimium
06030003,573.6136250524828,Excesive
06030004,44.24503697486066,Optimium
06030005,7.0511659989171065,Very Low
06030006,1.1081691724799985,Very Low
06040001,35.951177529566344,0
06040002,196.31293138740762,Excesive
06040003,169.49549834365655,Excesive
06040005,187.1253693512493,Excesive
06040006,156.39784525803674,Excesive
07010101,19.820397225754267,Low
07010102,59.553071416706075,Excesive
07010103,105.30365038288488,Excesive
07010104,94.51760756002048,Excesive
07010105,33.94163109806601,Medium
07010106,24.776481576580466,Low
07010107,63.924986581440116,Excesive
07010108,53.07680086834649,Excesive
07010201,17.342034619277054,Low
07010203,20.86700840215473,Low
07010204,29.221064159517677,Medium
07010205,73.05142783218655,Excesive
07010206,34.992919217414425,Medium
07010207,167.491162470575,Excesive
07020001,134.30498012251195,Excesive
07020002,221.6750334285511,Excesive
07020003,101.93894509107241,Excesive
07020004,74.2658636619033,Excesive
07020005,308.1904658022972,Excesive
07020006,84.1030336466222,Excesive
07020007,95.79703182080613,Excesive
07020008,87.93223593605269,Excesive
07020009,175.56018606157502,Excesive
07020010,76.66071812812594,Excesive
07020011,99.82871471814751,Excesive
07020012,198.2527856538364,Excesive
07030001,14.977779265051836,Very Low
07030002,6.040232105263712,Very Low
07030003,51.02166777305876,Excesive
07030004,64.70712670129485,Excesive
07030005,140.59327623873938,Excesive
07040001,69.51921848737659,Excesive
07040002,93.64251523519752,Excesive
07040003,38.81143667421392,Optimium
07040004,152.61922727258474,Excesive
07040005,343.33132648151246,Excesive
07040006,191.327742194418,Excesive
07040007,61.14564353021597,Excesive
07040008,110.18913726864395,Excesive
07050002,14.406879334338793,Very Low
07050003,166.86830438988932,Excesive
07050004,511.0045095881064,Excesive
07050005,166.01365189629632,Excesive
07050006,359.5298184201236,Excesive
07050007,48.590459508115714,Optimium
07060001,119.62178089325222,Excesive
07060002,129.7219545443493,Excesive
07060003,201.3259940182196,Excesive
07060004,98.2004448578467,Excesive
07060005,537.9045719624946,Excesive
07060006,886.3466211671257,Excesive
07070001,36.92704092215863,Optimium
07070002,104.6950056154698,Excesive
07070003,156.36293667093736,Excesive
07070004,157.32972725088482,Excesive
07070005,67.22558513401981,Excesive
07080101,99.82871471814751,Excesive
07080102,604.8131142692563,Excesive
07080104,63.683660815686274,Excesive
07080105,135.36546820809116,Excesive
07080106,386.5844216134898,Excesive
07080107,387.41425253904816,Excesive
07080201,240.11918720816,Excesive
07080202,188.10542035237825,Excesive
07080203,116.5717137769685,Excesive
07080205,324.57674586235765,Excesive
07080206,229.5164913154197,Excesive
07080207,338.32372219294257,Excesive
07080208,169.53130014870743,Excesive
07080209,357.0022726881049,Excesive
07090001,190.3082992636336,Excesive
07090002,91.8308860948003,Excesive
07090003,188.8158296283494,Excesive
07090005,268.59706695538915,Excesive
07090006,84.1030336466222,Excesive
07090007,293.8483091852552,Excesive
07100001,66.06592238359268,Excesive
07100002,211.4305671151337,Excesive
07100003,268.6121346909644,Excesive
07100006,292.48855472892683,Excesive
07100007,676.3530115764818,Excesive
07100008,104.73311000206759,Excesive
07100009,88.90121197211347,Excesive
07110001,212.95299935805082,Excesive
07110002,157.32972725088482,Excesive
07110003,14.197091344174702,Very Low
07110004,120.90183207821009,Excesive
07110005,29.412026042907033,Medium
07110006,175.20418085577805,Excesive
07110008,70.17815907253802,Excesive
07110009,152.61922727258474,Excesive
07120001,141.9852182182555,Excesive
07120002,117.25337991984148,Excesive
07120003,226.7651841214656,Excesive
07120004,23.82937728153449,Low
07120005,169.34563327910416,Excesive
07120006,88.07112588419918,Excesive
07120007,419.0913984607441,Excesive
07130001,152.44389237537436,Excesive
07130003,247.4957748255497,Excesive
07130004,237.09338706570682,Excesive
07130005,121.59555236724823,Excesive
07130007,400.2299892673056,Excesive
07130009,374.1429062065551,Excesive
07130010,99.85929242776156,Excesive
07130011,180.33309577419033,Excesive
07140101,618.0891886079422,Excesive
07140102,57.50102420176554,Excesive
07140103,14.197091344174702,Very Low
07140104,46.555032491401995,Optimium
07140105,73.8923675935048,Excesive
07140106,51.06162667705232,Excesive
07140107,56.03181417598216,Excesive
07140201,128.92410092234542,Excesive
07140202,462.4107469728334,Excesive
07140203,186.3717694147283,Excesive
07140204,629.8990428574252,Excesive
08010100,91.8308860948003,Excesive
08010202,359.5298184201236,Excesive
08010203,187.68601589785192,Excesive
08010205,129.9479013121577,Excesive
08010207,41.48201746653701,Optimium
08010209,267.38036113296863,Excesive
08010210,87.93223593605269,Excesive
08020201,60.67488921061331,Excesive
08020203,86.25677543059406,Excesive
08020204,78.53993680612369,Excesive
08020205,236.5002029417252,Excesive
08020301,182.27530795222918,Excesive
08020302,30.643485109657345,Medium
08020303,41.5365370268196,Optimium
08020304,108.08085836133871,Excesive
08020401,191.85573547007,Excesive
08030100,129.7219545443493,Excesive
08030201,123.56165472003887,Excesive
08030203,24.492913579516802,Low
08030204,22.821744989367595,Low
08030205,97.8128732694768,Excesive
08030206,34.550196641726394,Medium
08030207,93.14641785074592,Excesive
08030209,141.29275631695094,Excesive
08040101,33.50928176913727,Medium
08040102,11.166346865014255,Very Low
08040103,109.418372738992,Excesive
08040201,147.34845653129915,Excesive
08040202,37.80443465515185,Optimium
08040203,9.052919954534877,Very Low
08040204,13.707020668252321,Very Low
08040205,5.2119871959032364,Very Low
08040206,119.46203304944672,Excesive
08040301,69.36218026565776,Excesive
08040302,7.938271964571563,Very Low
08040303,1.181020678747874,Very Low
08040304,0.3058607788459197,Very Low
08040306,171.69318050076387,Excesive
08050001,116.48117081374477,Excesive
08050002,232.41150064350862,Excesive
08050003,89.32066079271698,Excesive
08060201,6.425229325451312,Very Low
08060202,109.6038017192321,Excesive
08060203,120.90183207821009,Excesive
08060204,84.1030336466222,Excesive
08060205,7.938271964571563,Very Low
08070202,7.938271964571563,Very Low
08070204,223.01041947669086,Excesive
08070300,81.66357245297758,Excesive
08080101,156.15831103555766,Excesive
08080102,155.75956059145145,Excesive
08080201,38.81143667421392,Optimium
08080202,88.40286805119196,Excesive
08080203,78.53134377493545,Excesive
08080205,5.2119871959032364,Very Low
08080206,63.4710320917369,Excesive
08090100,231.91949974196842,Excesive
08090203,113.01955784842444,Excesive
08090301,196.740310911704,Excesive
08090302,113.28648983940815,Excesive
09010001,52.70019784561733,Excesive
09010002,56.197124637342355,Excesive
09010003,324.4077365808817,Excesive
09010004,52.39399589280165,Excesive
09010005,31.79395912539719,Medium
09020101,279.0723073899841,Excesive
09020102,87.93223593605269,Excesive
09020103,55.93143225320023,Excesive
09020104,36.23431114785739,Optimium
09020105,62.377033117187004,Excesive
09020106,192.312547542024,Excesive
09020107,76.66071812812594,Excesive
09020108,17.342034619277054,Low
09020109,75.78415091133483,Excesive
09020201,104.910061868315,Excesive
09020202,95.79703182080613,Excesive
09020203,51.70685039555912,Excesive
09020204,15.722464434000855,Very Low
09020205,174.22586446247718,Excesive
09020301,44.24503697486066,Optimium
09020302,127.25739801566635,Excesive
09020303,119.37033881917601,Excesive
09020304,82.13899149934052,Excesive
09020305,58.4824760681404,Excesive
09020307,89.63252059484871,Excesive
09020308,201.3259940182196,Excesive
09020309,63.352223918751726,Excesive
09020310,66.06592238359268,Excesive
09020311,260.67207109170704,Excesive
09020312,242.28581158430703,Excesive
09020313,214.93888164662258,Excesive
09020314,63.35233206722216,Excesive
09030001,179.91356302072197,Excesive
09030002,263.2214374579675,Excesive
09030003,108.18775833976672,Excesive
09030004,191.327742194418,Excesive
09030005,87.93223593605269,Excesive
09030006,28.417921815671118,Medium
09030007,20.86700840215473,Low
10010002,681.6265648605837,Excesive
10020001,283.8250923464425,Excesive
10020002,225.09637943410203,Excesive
10020003,321.7969049319065,Excesive
10020004,366.39759823453767,Excesive
10020005,90.11244494496368,Excesive
10020007,136.90197329681564,Excesive
10020008,432.6072126762802,Excesive
10030101,208.42442640817632,Excesive
10030102,124.93193201283688,Excesive
10030104,191.25528892871608,Excesive
10030105,257.92810919983253,Excesive
10030201,129.7219545443493,Excesive
10030203,151.48822097107774,Excesive
10030205,139.92112412674442,Excesive
10040101,121.76451125900765,Excesive
10040102,73.05142783218655,Excesive
10040103,93.12096662761715,Excesive
10040104,158.51698201758884,Excesive
10040105,143.3464945388401,Excesive
10040106,141.4908957942181,Excesive
10040201,126.88855113008526,Excesive
10040202,100.89996464234112,Excesive
10040203,87.93223593605269,Excesive
10040204,345.06520445610215,Excesive
10040205,119.0661025117638,Excesive
10050002,564.7227437990177,Excesive
10050004,94.00572357597264,Excesive
10050005,50.04372970937753,Excesive
10050006,78.57723073940437,Excesive
10050008,49.29552200464735,Optimium
10050010,176.55304539964874,Excesive
10050011,59.40316948447614,Excesive
10050014,50.04372970937753,Excesive
10050016,114.26550022658013,Excesive
10060001,164.51145387582434,Excesive
10060002,115.89417790969921,Excesive
10060003,97.31975009253031,Excesive
10060004,103.92397542147906,Excesive
10060005,26.875949416296805,Medium
10060006,54.12648034349803,Excesive
10070001,300.79802326687667,Excesive
10070002,321.95019589070955,Excesive
10070003,360.0216968941121,Excesive
10070005,150.32690804911587,Excesive
10070006,279.0701656579231,Excesive
10070007,132.0143719105337,Excesive
10080001,337.78217214889736,Excesive
10080002,276.14761836572035,Excesive
10080003,157.77974711450244,Excesive
10080004,273.77615529503134,Excesive
10080005,45.882576467323524,Optimium
10080007,151.45445333723987,Excesive
10080008,195.01125690272926,Excesive
10080009,139.70852743801925,Excesive
10080010,206.36562704385202,Excesive
10080011,273.77615529503134,Excesive
10080012,73.05142783218655,Excesive
10080014,224.41088442188462,Excesive
10080015,333.0224947628158,Excesive
10080016,157.32972725088482,Excesive
10090101,145.57822845628272,Excesive
10090102,208.5567644729564,Excesive
10090201,50.04372970937753,Excesive
10090202,207.36859383807518,Excesive
10090203,125.28587139767694,Excesive
10090205,69.51921848737659,Excesive
10090206,144.75750289842208,Excesive
10090207,99.82871471814751,Excesive
10090208,73.65472670751755,Excesive
10090209,137.0848843463563,Excesive
10090210,117.5387606525955,Excesive
10100001,177.5475867954372,Excesive
10100002,90.74149801750968,Excesive
10100003,69.51921848737659,Excesive
10100004,114.75106251793736,Excesive
10100005,99.82871471814751,Excesive
10110101,84.22657369831545,Excesive
10110102,69.51921848737659,Excesive
10110201,60.735282753465654,Excesive
10110203,82.44115696349343,Excesive
10110204,161.31551576594964,Excesive
10110205,95.21733439923443,Excesive
10120101,67.50500647692458,Excesive
10120103,69.51921848737659,Excesive
10120104,76.66071812812594,Excesive
10120105,14.197091344174702,Very Low
10120106,408.2542731034677,Excesive
10120107,106.14558941143112,Excesive
10120108,50.04372970937753,Excesive
10120109,91.96587418238484,Excesive
10120110,186.3717694147283,Excesive
10120111,84.1030336466222,Excesive
10120112,189.61087142374905,Excesive
10120113,34.17898344141691,Medium
10120201,80.06055002941069,Excesive
10120202,91.32516515435962,Excesive
10120203,29.07182552191811,Medium
10130101,81.59679413757166,Excesive
10130102,97.4053072221975,Excesive
10130103,93.28312434313068,Excesive
10130104,121.4501817164686,Excesive
10130105,218.0587377125601,Excesive
10130106,109.44840159559372,Excesive
10130201,123.46562288472788,Excesive
10130202,137.9661186089212,Excesive
10130203,59.40316948447614,Excesive
10130204,100.11482605600094,Excesive
10130205,72.14038100575107,Excesive
10130206,76.66071812812594,Excesive
10130301,219.73484485472855,Excesive
10130302,95.21052528279336,Excesive
10130303,117.64429971079274,Excesive
10130304,103.9547865397431,Excesive
10130305,29.50391885563563,Medium
10130306,142.85180745362575,Excesive
10140101,182.00068951464598,Excesive
10140102,69.51921848737659,Excesive
10140103,114.4913452197744,Excesive
10140104,424.5093488652053,Excesive
10140201,54.42343134227178,Excesive
10140202,146.32047375147786,Excesive
10140204,50.04372970937753,Excesive
10150001,231.91949974196842,Excesive
10150002,12.76484503521172,Very Low
10150003,40.05225446024613,Optimium
10150004,216.1425315562864,Excesive
10150006,17.407110690434187,Low
10150007,50.606114174873504,Excesive
10160001,132.45832172426694,Excesive
10160002,66.49657051607294,Excesive
10160003,129.64467218053724,Excesive
10160004,84.42422982649633,Excesive
10160005,59.40316948447614,Excesive
10160006,93.29953059803744,Excesive
10160007,76.66071812812594,Excesive
10160008,84.1030336466222,Excesive
10160009,28.495935397023832,Medium
10160010,152.61922727258474,Excesive
10160011,75.65405898713776,Excesive
10170101,118.24744565795204,Excesive
10170102,123.09149657842414,Excesive
10170103,101.80052369257305,Excesive
10170202,138.74287242339034,Excesive
10170203,212.9109965897368,Excesive
10170204,412.43654656169184,Excesive
10180001,121.57640178274721,Excesive
10180002,65.0438951667049,Excesive
10180003,22.773526563413874,Low
10180004,106.82748300334231,Excesive
10180005,97.24641950229031,Excesive
10180006,81.94759757045973,Excesive
10180007,93.6917799864876,Excesive
10180008,42.92002953284257,Optimium
10180009,44.0644955953963,Optimium
10180010,140.6302982920958,Excesive
10180011,87.50198031862514,Excesive
10180012,80.98622598861537,Excesive
10180013,87.93223593605269,Excesive
10180014,6.807254235466013,Very Low
10190001,635.6966574238393,Excesive
10190002,591.4523926112097,Excesive
10190003,139.82098127370926,Excesive
10190006,117.57748747107362,Excesive
10190007,108.48318650388457,Excesive
10190009,147.37573354278715,Excesive
10190010,50.04372970937753,Excesive
10190011,176.55304539964874,Excesive
10190012,87.34726912868847,Excesive
10190013,9.012975282065256,Very Low
10190015,102.80047414922177,Excesive
10190016,54.31327900963296,Excesive
10190018,113.07865276820348,Excesive
10200101,86.9997698270917,Excesive
10200103,15.722464434000855,Very Low
10200201,97.15850238519144,Excesive
10200203,61.662740199211775,Excesive
10210001,29.9901892047936,Medium
10210002,20.962066442148927,Low
10210003,74.21656378212141,Excesive
10210004,119.48737908142901,Excesive
10210005,19.056663574075273,Low
10210006,3.3386854222348585,Very Low
10210007,5.2119871959032364,Very Low
10210008,20.86700840215473,Low
10210009,120.90183207821009,Excesive
10210010,145.9009570272877,Excesive
10220001,37.465384814281954,Optimium
10220002,6.040232105263712,Very Low
10220003,204.351338047913,Excesive
10220004,138.74287242339034,Excesive
10230001,260.4900282729362,Excesive
10230003,306.0821935784045,Excesive
10230004,196.31293138740762,Excesive
10230005,348.727040990648,Excesive
10230006,394.7915102531706,Excesive
10230007,327.1722735335079,Excesive
10240002,385.95612828125803,Excesive
10240003,311.0657862956673,Excesive
10240005,164.89579813142083,Excesive
10240006,74.08450619816985,Excesive
10240007,92.40305315694195,Excesive
10240008,295.02681184811155,Excesive
10240010,43.37029670327318,Optimium
10240011,164.8479291310376,Excesive
10240012,237.09338706570682,Excesive
10240013,65.19447482848489,Excesive
10250001,19.056663574075273,Low
10250002,78.49720985318311,Excesive
10250003,133.77023818591957,Excesive
10250004,108.20021424755801,Excesive
10250005,196.31293138740762,Excesive
10250006,37.779725296320144,Optimium
10250007,20.76911141013136,Low
10250009,124.25864138465964,Excesive
10250010,284.37995460995614,Excesive
10250012,120.90183207821009,Excesive
10250013,76.66071812812594,Excesive
10250015,117.01847216009804,Excesive
10250016,48.62557640132422,Optimium
10250017,70.15007914198227,Excesive
10260001,119.56056033407651,Excesive
10260003,92.12597965571304,Excesive
10260006,86.08805302119629,Excesive
10260007,166.86830438988932,Excesive
10260008,128.54675585437053,Excesive
10260009,90.65379359249346,Excesive
10260010,113.33755417972156,Excesive
10260011,183.94039379703327,Excesive
10260012,192.2338328244004,Excesive
10260013,24.352933477360054,Low
10260015,235.5595281778056,Excesive
10270102,163.55193337062144,Excesive
10270103,185.8086660005508,Excesive
10270201,33.751527286971445,Medium
10270202,22.773526563413874,Low
10270203,68.03194380630103,Excesive
10270204,107.65627734265684,Excesive
10270205,64.86875949823622,Excesive
10270206,210.60766939894526,Excesive
10280101,88.60756306582508,Excesive
10280102,19.056663574075273,Low
10280103,32.06055765074645,Medium
10280201,29.07182552191811,Medium
10280202,76.66071812812594,Excesive
10280203,15.722464434000855,Very Low
10290101,80.63329582839306,Excesive
10290102,262.02591018778884,Excesive
10290104,66.06592238359268,Excesive
10290106,91.67230340459012,Excesive
10290108,33.94163109806601,Medium
10290109,51.176925318301535,Excesive
10290110,19.651052150007306,Low
10290111,63.352223918751726,Excesive
10290201,92.1051695045832,Excesive
10300101,63.199222943890064,Excesive
10300102,43.01741643725402,Optimium
10300103,59.40316948447614,Excesive
10300104,97.25245181867227,Excesive
10300200,180.1871919266521,Excesive
11010001,39.557777615647815,Optimium
11010002,71.72383159663265,Excesive
11010003,79.5186993423242,Excesive
11010005,11.424443415211602,Very Low
11010006,46.153018222406686,Optimium
11010007,80.34521994759227,Excesive
11010008,21.480632544469625,Low
11010009,91.8308860948003,Excesive
11010010,6.040232105263712,Very Low
11010011,99.82871471814751,Excesive
11010012,103.92397542147906,Excesive
11010013,123.74889939010514,Excesive
11010014,34.65313740784323,Medium
11020001,518.5200091654029,Excesive
11020002,335.26674207527225,Excesive
11020003,170.03300903385056,Excesive
11020005,130.2078335415312,Excesive
11020006,116.5717137769685,Excesive
11020008,58.33202011148042,Excesive
11020009,131.4095324337001,Excesive
11020010,150.30939880211818,Excesive
11020011,5.2119871959032364,Very Low
11020012,19.820397225754267,Low
11020013,129.7219545443493,Excesive
11030001,231.92928559358623,Excesive
11030002,435.2585371047474,Excesive
11030004,93.40034209195991,Excesive
11030005,130.63727311448062,Excesive
11030006,157.32972725088482,Excesive
11030007,211.47875272406674,Excesive
11030008,147.321581848593,Excesive
11030009,2.162444839083326,Very Low
11030011,118.79164378681308,Excesive
11030012,99.85929242776156,Excesive
11030013,132.74357933608266,Excesive
11030014,61.532138458646706,Excesive
11030016,47.099357582938346,Optimium
11030017,505.61545020748673,Excesive
11030018,28.26252692519266,Medium
11040001,98.89459093057992,Excesive
11040002,47.1023844976782,Optimium
11040003,120.27573160431871,Excesive
11040005,94.89777684840477,Excesive
11040006,51.502690241891926,Excesive
11040007,157.32972725088482,Excesive
11040008,114.88044230527883,Excesive
11050001,28.768723604004563,Medium
11050002,116.86142235520315,Excesive
11050003,29.07182552191811,Medium
11060002,90.29234677480248,Excesive
11060003,36.65843124838937,Optimium
11060004,50.29676695023127,Excesive
11060005,64.56733872140612,Excesive
11060006,106.5237511335218,Excesive
11070101,132.70529280611174,Excesive
11070103,135.43643982459665,Excesive
11070104,44.24503697486066,Optimium
11070105,22.623643214961323,Low
11070106,10.572616214422425,Very Low
11070107,7.980558183367701,Very Low
11070201,279.0723073899841,Excesive
11070202,47.099357582938346,Optimium
11070203,62.43442867136211,Excesive
11070204,463.33265169128236,Excesive
11070205,33.751527286971445,Medium
11070206,27.839554405355848,Medium
11070207,88.4147890166541,Excesive
11070208,273.77615529503134,Excesive
11080001,120.90183207821009,Excesive
11080002,176.55304539964874,Excesive
11080003,116.5717137769685,Excesive
11080004,69.51921848737659,Excesive
11080006,8.449082927757518,Very Low
11080007,36.347942126506474,Optimium
11080008,112.29741617594921,Excesive
11090102,29.264004431775952,Medium
11090103,4.460646339662636,Very Low
11090104,0.44211541776083657,Very Low
11090105,103.7879127924492,Excesive
11090106,41.1758907267066,Optimium
11090201,61.46777451473236,Excesive
11090202,151.57965472464974,Excesive
11090203,0.44211541776083657,Very Low
11090204,167.06020730908904,Excesive
11100101,84.63736399022605,Excesive
11100102,3.783253772244844,Very Low
11100103,47.531072429061396,Optimium
11100104,52.12670340321884,Excesive
11100201,7.640480321135381,Very Low
11100202,12.76484503521172,Very Low
11100203,59.40316948447614,Excesive
11100301,4.107835088254103,Very Low
11100302,3.887512223704147,Very Low
11100303,27.149554651772913,Medium
11110101,6.9481410846701435,Very Low
11110102,36.23431114785739,Optimium
11110103,75.61972456041396,Excesive
11110104,162.0799595102261,Excesive
11110105,27.309267844563088,Medium
11110201,47.80706993352258,Optimium
11110202,213.9985692368829,Excesive
11110203,59.40316948447614,Excesive
11110204,76.66071812812594,Excesive
11110205,50.04372970937753,Excesive
11110207,3.893952822765144,Very Low
11120101,38.81143667421392,Optimium
11120102,20.24947300529066,Low
11120103,14.251040314205033,Very Low
11120104,83.40815930837972,Excesive
11120105,14.745270926265276,Very Low
11120201,0.5823706529377471,Very Low
11120202,36.23431114785739,Optimium
11120302,4.813671549647214,Very Low
11120303,2.9071127627802698,Very Low
11130101,9.544854079771817,Very Low
11130102,73.05142783218655,Excesive
11130103,6.332365314394068,Very Low
11130105,24.776481576580466,Low
11130201,6.040232105263712,Very Low
11130202,6.040232105263712,Very Low
11130203,12.541171177713187,Very Low
11130204,22.773526563413874,Low
11130205,268.49226592858867,Excesive
11130206,8.988416115557476,Very Low
11130207,6.9481410846701435,Very Low
11130208,30.70597434187605,Medium
11130209,4.42579418976375,Very Low
11130210,16.473958524116775,Low
11130301,3.781254450949658,Very Low
11130302,20.11531213250218,Low
11130303,0.7513646072985323,Very Low
11130304,5.2119871959032364,Very Low
11140102,28.48690976274156,Medium
11140103,98.68254781642295,Excesive
11140104,1.7476735402665755,Very Low
11140105,32.12459579735491,Medium
11140106,15.409749531092341,Very Low
11140107,4.460646339662636,Very Low
11140108,47.099357582938346,Optimium
11140109,281.63459586185166,Excesive
11140201,31.020364622200155,Medium
11140202,19.056663574075273,Low
11140204,116.5717137769685,Excesive
11140205,1.6259637885766751,Very Low
11140206,14.197091344174702,Very Low
11140207,69.221524815216,Excesive
11140209,1.7476735402665755,Very Low
11140301,12.541171177713187,Very Low
11140302,34.48554372131648,Medium
11140303,1.3894549822218485,Very Low
11140305,1.3894549822218485,Very Low
11140306,33.34452101304911,Medium
11140307,10.174390484819675,Very Low
12010001,2.6375597599241765,Very Low
12010002,196.536317824979,Excesive
12010003,0.6143678172291728,Very Low
12010004,1.6464191651319424,Very Low
12010005,12.640153291924307,Very Low
12020001,9.745996924597517,Very Low
12020002,2.0381376883796443,Very Low
12020003,4.317386433072241,Very Low
12020004,118.69329932623198,Excesive
12020005,11.44898168058882,Very Low
12020006,0.7206255899836607,Very Low
12030101,7.949926228251816,Very Low
12030102,125.28587139767694,Excesive
12030103,11.424443415211602,Very Low
12030104,181.44639609756348,Excesive
12030105,257.9644994396907,Excesive
12030106,153.7332372164141,Excesive
12030107,9.749389495918054,Very Low
12030109,161.8639916455415,Excesive
12030201,70.24527298182848,Excesive
12030202,47.711195569152686,Optimium
12040102,0.20130165393754407,Very Low
12040103,0.20130165393754407,Very Low
12040104,2.5375070784459046,Very Low
12040201,201.3259940182196,Excesive
12040202,9.012975282065256,Very Low
12040203,6.040232105263712,Very Low
12040204,7.938271964571563,Very Low
12050001,5.653661054070102,Very Low
12050002,10.174390484819675,Very Low
12050004,10.913265169612892,Very Low
12050005,165.8771398452849,Excesive
12050007,36.63892555040288,Optimium
12060101,25.01722047314519,0
12060102,23.216949893970128,Low
12060105,32.75667494217595,Medium
12060201,49.19143814230746,Optimium
12060202,3.7177501211410373,Very Low
12060204,308.9203819532192,Excesive
12070101,49.4556684492855,Optimium
12070102,0.3058607788459197,Very Low
12070103,1.6889837097869536,Very Low
12070104,2.2610058069768195,Very Low
12070201,104.59790673837784,Excesive
12070202,62.79252555657961,Excesive
12070203,41.36578849604201,Optimium
12070204,76.13283220682656,Excesive
12070205,80.34521994759227,Excesive
12080001,36.882102110304906,Optimium
12080002,33.886924957730564,Medium
12080003,9.344839878735284,Very Low
12080004,8.508152591062405,Very Low
12080005,19.968741470097648,Low
12080006,0.2558463645160178,Very Low
12080008,18.19934909667617,Low
12090101,18.750683196435574,Low
12090103,57.266155344545574,Excesive
12090104,132.3789201300441,Excesive
12090105,30.56248571432633,Medium
12090106,26.19141169896678,Medium
12090107,12.810767379693155,Very Low
12090108,34.550196641726394,Medium
12090109,653.2912710993228,Excesive
12090201,12.76484503521172,Very Low
12090202,76.66071812812594,Excesive
12090203,129.7219545443493,Excesive
12090204,106.44036130961905,Excesive
12090205,76.66071812812594,Excesive
12090206,3.783253772244844,Very Low
12090301,13.030212630563712,Very Low
12090302,50.04372970937753,Excesive
12090401,38.74380074543204,Optimium
12100101,3.8067690252774815,Very Low
12100102,26.875949416296805,Medium
12100201,58.37903125780591,Excesive
12100202,108.98044752425017,Excesive
12100203,431.9700513104512,Excesive
12100204,1.3894549822218485,Very Low
12100302,141.51317258598894,Excesive
12100304,2.162444839083326,Very Low
12100401,1.8603267662314245,Very Low
12100405,4.460646339662636,Very Low
12100406,2.7066444249203903,Very Low
12100407,2.162444839083326,Very Low
12110103,12.134325384989252,Very Low
12110104,435.3442281857219,Excesive
12110105,48.16582353929187,Optimium
12110106,26.81294032426701,Medium
12110107,147.95011665428981,Excesive
12110108,23.912205978139585,Low
12110109,10.174390484819675,Very Low
12110110,14.197091344174702,Very Low
12110111,2.6375597599241765,Very Low
12110202,0.20130165393754407,Very Low
12110204,147.95011665428981,Excesive
12110205,1.196188381503999,Very Low
12110207,1.5398375888425064,Very Low
12110208,15.33434636579286,Very Low
13010001,109.34257482808873,Excesive
13010002,280.792389108483,Excesive
13010003,457.0004604447052,Excesive
13010004,367.2772036317229,Excesive
13010005,171.69318050076387,Excesive
13020101,151.03167377891677,Excesive
13020102,151.25239542186932,Excesive
13020201,87.47144488500471,Excesive
13020202,28.850241091412954,Medium
13020203,99.62571336209213,Excesive
13020204,96.86417896157101,Excesive
13020207,78.03372421126825,Excesive
13020208,131.7620332977821,Excesive
13020209,216.08692521098297,Excesive
13020210,44.24503697486066,Optimium
13020211,58.28683394707274,Excesive
13030101,234.8034538301068,Excesive
13030102,20.930596116452516,Low
13030103,78.96780707265341,Excesive
13030201,57.703427784652064,Excesive
13030202,133.83041131195128,Excesive
13040100,229.4373611329977,Excesive
13040201,40.70378102241028,Optimium
13040202,139.1204243995261,Excesive
13040204,525.8133476893088,Excesive
13040205,29.07182552191811,Medium
13040206,22.773526563413874,Low
13040207,586.1137814801139,Excesive
13040208,52.876764817616994,Excesive
13040209,116.73556349883332,Excesive
13040210,59.40316948447614,Excesive
13040211,71.26306309781761,Excesive
13040301,125.28587139767694,Excesive
13040302,44.71278158166883,Optimium
13040303,116.5717137769685,Excesive
13050001,75.62160719995283,Excesive
13050003,343.35387183012716,Excesive
13050004,129.32555497297815,Excesive
13060001,81.24614040879366,Excesive
13060002,19.056663574075273,Low
13060003,127.09896106849894,Excesive
13060004,31.36383233544305,Medium
13060005,49.64694107724881,Optimium
13060006,3.783253772244844,Very Low
13060007,2.419205840840995,Very Low
13060008,67.87237762245775,Excesive
13060009,152.61922727258474,Excesive
13060010,120.90183207821009,Excesive
13060011,47.61508485091182,Optimium
13070001,77.25035789651074,Excesive
13070003,62.79120669088586,Excesive
13070004,62.106554356460286,Excesive
13070006,155.82882040620262,Excesive
13070007,3.6583852756053896,Very Low
13070008,58.57761180105959,Excesive
13070009,84.1030336466222,Excesive
13070010,103.92397542147906,Excesive
13070011,75.32809577804008,Excesive
13080001,111.09650121018714,Excesive
13080002,103.92397542147906,Excesive
13080003,9.989797189600617,Very Low
13090001,39.41158148360463,Optimium
14010001,271.87052539165745,Excesive
14010002,263.2214374579675,Excesive
14010005,169.35673155645168,Excesive
14020001,607.4458090456618,Excesive
14020002,217.0637331948049,Excesive
14020003,26.875949416296805,Medium
14020005,67.37631608319919,Excesive
14020006,427.1712455990672,Excesive
14030001,101.19474408036724,Excesive
14030002,82.71841943662,Excesive
14030003,87.93223593605269,Excesive
14030005,58.00956516295511,Excesive
14040101,202.825344311242,Excesive
14040102,166.07455412916528,Excesive
14040103,305.711165894878,Excesive
14040104,307.6431501534604,Excesive
14040105,158.0917180920344,Excesive
14040106,101.0837652583324,Excesive
14040107,168.67333200916383,Excesive
14040108,196.31293138740762,Excesive
14040109,260.8959979847886,Excesive
14040200,188.91298742367863,Excesive
14050001,268.9991874963236,Excesive
14050003,187.030590804734,Excesive
14050004,221.6315114299139,Excesive
14050005,171.35492959844532,Excesive
14050006,147.95011665428981,Excesive
14050007,114.18027124286922,Excesive
14060001,109.15563162433537,Excesive
14060003,137.1648642675033,Excesive
14060004,853.576769887165,Excesive
14060005,188.93951970893414,Excesive
14060006,148.43240509895074,Excesive
14060007,164.40850321312922,Excesive
14060008,160.5959187968085,Excesive
14060009,273.9984887395925,Excesive
14070001,89.3384251796248,Excesive
14070002,112.29741617594921,Excesive
14070003,43.13902042861746,Optimium
14070004,53.07680086834649,Excesive
14070005,37.11902004255485,Optimium
14070006,9.012975282065256,Very Low
14070007,68.20701879758114,Excesive
14080101,114.80145971595735,Excesive
14080103,38.81143667421392,Optimium
14080104,397.145905995281,Excesive
14080105,43.46646539287371,Optimium
14080106,19.340539449009626,Low
14080107,33.751527286971445,Medium
14080201,7.938271964571563,Very Low
14080203,12.367719858033054,Very Low
14080204,14.759968454047105,Very Low
14080205,17.364848803546035,Low
15010001,229.0253276490413,Excesive
15010002,15.722464434000855,Very Low
15010003,225.39557083672955,Excesive
15010004,189.9206913967542,Excesive
15010005,130.80189906799384,Excesive
15010006,41.02087976772511,Optimium
15010007,274.72773359959587,Excesive
15010008,196.01877904319824,Excesive
15010009,188.95935403309448,Excesive
15010010,77.34795619310277,Excesive
15010011,224.63887451310936,Excesive
15010012,94.70420756873432,Excesive
15010013,18.2947364180778,Low
15010014,26.875949416296805,Medium
15010015,93.7876841675067,Excesive
15020001,221.6315114299139,Excesive
15020002,38.47987646752721,Optimium
15020003,312.9402905489044,Excesive
15020004,39.415383709402214,Optimium
15020005,136.90498090512546,Excesive
15020006,73.74469466145942,Excesive
15020007,1.7476735402665755,Very Low
15020008,89.49364863569849,Excesive
15020010,87.93223593605269,Excesive
15020011,36.939155597462346,Optimium
15020013,11.424443415211602,Very Low
15020014,50.151448071922815,Excesive
15020015,263.67133866239595,Excesive
15020016,226.2498926947752,Excesive
15020017,2.162444839083326,Very Low
15020018,15.330949074191857,Very Low
15030101,393.0217536087905,Excesive
15030102,205.7817277363714,Excesive
15030103,91.8308860948003,Excesive
15030104,42.02341300611593,Optimium
15030105,29.253271382828522,Medium
15030106,103.92397542147906,Excesive
15030108,3.783253772244844,Very Low
15030201,212.25437497145856,Excesive
15030202,40.70378102241028,Optimium
15030203,116.5717137769685,Excesive
15040001,146.15911328726386,Excesive
15040002,37.435831412677075,Optimium
15040003,92.41514907036377,Excesive
15040004,291.41334400083343,Excesive
15040005,293.1350379650118,Excesive
15040006,45.755118111486254,Optimium
15040007,424.5096172610795,Excesive
15050100,103.92397542147906,Excesive
15050201,309.9999347000982,Excesive
15050202,117.57748747107362,Excesive
15050203,209.08946361271862,Excesive
15050301,96.3026141235916,Excesive
15050302,17.342034619277054,Low
15050303,36.97190463525061,Optimium
15050304,64.20446811920183,Excesive
15050305,47.099357582938346,Optimium
15050306,108.08085836133871,Excesive
15060101,532.5308516784202,Excesive
15060103,146.61791143933374,Excesive
15060105,8.735068987133717,Very Low
15060106,136.95072051392663,Excesive
15060201,282.8350283531047,Excesive
15060202,227.3307839074222,Excesive
15060203,340.3267194616556,Excesive
15070101,31.36383233544305,Medium
15070102,219.7343505117179,Excesive
15070103,437.20849063624524,Excesive
15070104,143.653991663804,Excesive
15070201,63.94914236852605,Excesive
15070202,42.092610979321435,Optimium
15070203,176.77943686077114,Excesive
15080102,104.5896585465822,Excesive
15080301,36.23431114785739,Optimium
16010101,157.6144324311126,Excesive
16010201,438.6173264800577,Excesive
16010202,264.0727864962153,Excesive
16010203,457.0004604447052,Excesive
16010204,214.5245184537501,Excesive
16020101,635.723752730639,Excesive
16020102,117.57748747107362,Excesive
16020201,397.4178899768737,Excesive
16020202,424.5096172610795,Excesive
16020203,229.49956239579228,Excesive
16020301,203.0238444149656,Excesive
16020302,125.28587139767694,Excesive
16020304,362.5832378355301,Excesive
16020305,181.44639609756348,Excesive
16020306,191.91287722207318,Excesive
16020307,142.5562697476239,Excesive
16020308,161.85645036274283,Excesive
16020309,279.10685223202097,Excesive
16030001,386.5844216134898,Excesive
16030002,387.4989795141008,Excesive
16030003,249.69561405119651,Excesive
16030004,157.411897040731,Excesive
16030005,178.26231705761566,Excesive
16030006,177.24094546607506,Excesive
16030007,113.71356124698455,Excesive
16030009,128.0016118701093,Excesive
16040101,323.8703135734325,Excesive
16040102,134.20822960204856,Excesive
16040103,87.93223593605269,Excesive
16040104,419.0913984607441,Excesive
16040105,253.83003102345612,Excesive
16040106,147.1489314899523,Excesive
16040107,238.2438120890785,Excesive
16040108,397.4178899768737,Excesive
16040109,378.49784167093287,Excesive
16040201,150.97541525987947,Excesive
16040202,313.52593137672136,Excesive
16040203,360.06457006777987,Excesive
16040204,208.79547396685186,Excesive
16040205,172.93901983332591,Excesive
16050102,58.75470168592621,Excesive
16050103,247.4957748255497,Excesive
16050104,165.38522141048318,Excesive
16050201,316.42789158157836,Excesive
16050202,241.91576663429728,Excesive
16050203,218.7121092843854,Excesive
16050301,195.05292019814357,Excesive
16050302,147.95011665428981,Excesive
16050303,435.0083584576848,Excesive
16060001,288.69054505772283,Excesive
16060002,284.0154088555267,Excesive
16060003,505.13202959127887,Excesive
16060004,125.36545583944704,Excesive
16060005,109.05729028432829,Excesive
16060006,280.4430816861887,Excesive
16060007,228.20430838979001,Excesive
16060008,206.4331075219933,Excesive
16060009,123.73160769211032,Excesive
16060010,303.4903949411343,Excesive
16060011,132.8449810761048,Excesive
16060012,105.42604566875124,Excesive
16060013,204.12938883818939,Excesive
16060014,136.17074498427652,Excesive
16060015,185.98101672477387,Excesive
17010101,88.07560015468846,Excesive
17010103,157.32972725088482,Excesive
17010104,155.90251503584182,Excesive
17010201,245.9393226491356,Excesive
17010202,300.3646320021785,Excesive
17010203,87.57258516258214,Excesive
17010204,543.1711228635265,Excesive
17010205,178.5142875369233,Excesive
17010206,521.7738241803887,Excesive
17010207,120.90183207821009,Excesive
17010208,125.28587139767694,Excesive
17010209,655.2202080462471,Excesive
17010210,421.7830272359075,Excesive
17010211,88.41065606364384,Excesive
17010213,329.56877300565014,Excesive
17010214,959.4741221408656,Excesive
17010216,769.4389504199463,Excesive
17010302,1410.3546632267687,Excesive
17010304,915.5789059583516,Excesive
17010306,363.49438054483335,Excesive
17010307,176.55304539964874,Excesive
17010308,108.08085836133871,Excesive
17020001,167.16421978026855,Excesive
17020002,305.711165894878,Excesive
17020003,50.04372970937753,Excesive
17020004,307.5430740921624,Excesive
17020005,376.6451605862066,Excesive
17020006,222.23376857400814,Excesive
17020007,511.0045095881064,Excesive
17020008,433.84574202558906,Excesive
17020009,263.2214374579675,Excesive
17020010,50.04372970937753,Excesive
17020011,99.9848775643712,Excesive
17020012,166.86830438988932,Excesive
17020013,465.10506236072615,Excesive
17020014,402.8358579934969,Excesive
17020015,328.66524163950834,Excesive
17020016,303.50210849498774,Excesive
17030001,473.2256630280367,Excesive
17030002,848.202194827659,Excesive
17030003,316.2363581547905,Excesive
17040101,279.91713136469866,Excesive
17040102,467.81919732988786,Excesive
17040103,438.9311870997715,Excesive
17040104,494.828987980895,Excesive
17040105,402.8358579934969,Excesive
17040201,267.54940520268815,Excesive
17040203,134.46719067317477,Excesive
17040204,370.3449890808885,Excesive
17040206,295.7751747502641,Excesive
17040207,564.4311483990014,Excesive
17040208,295.02681184811155,Excesive
17040209,236.11371355140702,Excesive
17040210,231.91949974196842,Excesive
17040211,50.04372970937753,Excesive
17040212,201.3392792156297,Excesive
17040213,485.3057408928164,Excesive
17040214,122.79570788611366,Excesive
17040216,199.53405643237275,Excesive
17040218,397.27464388341,Excesive
17040219,175.97437755504419,Excesive
17040220,36.23431114785739,Optimium
17040221,270.54628563538853,Excesive
17050101,364.9360507327446,Excesive
17050102,206.33708872200143,Excesive
17050103,300.42050569639736,Excesive
17050104,278.66434833732944,Excesive
17050105,80.34521994759227,Excesive
17050106,243.509933578628,Excesive
17050107,94.0135045340506,Excesive
17050108,676.3530115764818,Excesive
17050109,144.38915910842502,Excesive
17050110,185.26209028645584,Excesive
17050111,44.24503697486066,Optimium
17050112,424.5096172610795,Excesive
17050113,278.66434833732944,Excesive
17050114,94.0135045340506,Excesive
17050116,546.4663063645461,Excesive
17050117,126.66834072709138,Excesive
17050122,66.06592238359268,Excesive
17050123,609.0920157802421,Excesive
17050124,971.2692281824144,Excesive
17050201,157.64795891151954,Excesive
17050202,152.7020241787865,Excesive
17050203,288.78792158089885,Excesive
17060102,451.5884947473133,Excesive
17060103,259.9021792436694,Excesive
17060104,927.4652216267932,Excesive
17060105,284.37995460995614,Excesive
17060106,701.064150227843,Excesive
17060107,273.77615529503134,Excesive
17060108,256.1353239602209,Excesive
17060109,231.91949974196842,Excesive
17060110,237.09338706570682,Excesive
17060201,265.1838915101443,Excesive
17060203,130.85863351280457,Excesive
17060204,137.68194270758949,Excesive
17060205,75.08447801510744,Excesive
17060206,171.69318050076387,Excesive
17060207,84.1030336466222,Excesive
17060208,146.72271892508292,Excesive
17060209,723.6771702368635,Excesive
17060210,273.51357233674014,Excesive
17060303,326.0935371084239,Excesive
17060305,309.89790696069315,Excesive
17060306,346.67383505525373,Excesive
17060308,502.87594802431283,Excesive
17070101,473.2256630280367,Excesive
17070102,269.0165866117733,Excesive
17070103,215.2139269038523,Excesive
17070104,274.1736956617734,Excesive
17070105,370.63081635669954,Excesive
17070106,435.3442281857219,Excesive
17070201,223.42765001935769,Excesive
17070202,109.75370740599831,Excesive
17070203,171.69318050076387,Excesive
17070204,162.44926873345864,Excesive
17070301,453.8777591398027,Excesive
17070302,101.17658174633564,Excesive
17070303,95.79703182080613,Excesive
17070305,158.5334471897082,Excesive
17070306,225.1480959203884,Excesive
17070307,284.37995460995614,Excesive
17080001,145.0850939670267,Excesive
17080003,263.2214374579675,Excesive
17080004,132.26091521562915,Excesive
17080005,411.9826996479856,Excesive
17080006,1107.6356281995313,Excesive
17090001,305.98426772571355,Excesive
17090002,284.37995460995614,Excesive
17090003,628.7172940560223,Excesive
17090004,267.26726913388984,Excesive
17090005,462.4107469728334,Excesive
17090006,381.1695197886501,Excesive
17090008,580.3981220065924,Excesive
17090009,259.2500078639629,Excesive
17100101,371.5159753573335,Excesive
17100102,53.07680086834649,Excesive
17100103,290.19726114934053,Excesive
17100105,408.2542731034677,Excesive
17100106,516.390663021487,Excesive
17100202,221.6315114299139,Excesive
17100203,456.8872356770916,Excesive
17100204,33.751527286971445,Medium
17100205,1586.5485445656996,Excesive
17100206,141.12799209590636,Excesive
17100301,343.33132648151246,Excesive
17100302,141.04213024878743,Excesive
17100303,143.3240888473469,Excesive
17100305,316.42789158157836,Excesive
17100306,192.99921072984785,Excesive
17100308,187.2681066083296,Excesive
17100312,10.174390484819675,Very Low
17110002,91.8308860948003,Excesive
17110005,516.9152879937809,Excesive
17110006,10.174390484819675,Very Low
17110007,59.40316948447614,Excesive
17110009,366.3776208552604,Excesive
17110010,112.29741617594921,Excesive
17110012,282.4579087518615,Excesive
17110014,165.52397428128444,Excesive
17110017,87.93223593605269,Excesive
17110018,186.61696571687062,Excesive
17110019,355.6848922335704,Excesive
17110020,26.875949416296805,Medium
17120001,237.09338706570682,Excesive
17120002,227.09229283015912,Excesive
17120003,510.9683294577636,Excesive
17120004,108.73466757083321,Excesive
17120005,196.93832616972804,Excesive
17120006,112.29741617594921,Excesive
17120007,415.54134274514087,Excesive
17120008,163.62029070923768,Excesive
17120009,716.4220700161804,Excesive
18010101,5.2119871959032364,Very Low
18010102,162.0799595102261,Excesive
18010104,108.08085836133871,Excesive
18010105,235.92994837252255,Excesive
18010106,143.08417680297092,Excesive
18010108,239.64499159418705,Excesive
18010110,82.69203615389824,Excesive
18010201,527.153912248272,Excesive
18010202,119.87502216268051,Excesive
18010203,394.7531711228347,Excesive
18010204,323.5565868038529,Excesive
18010205,112.29741617594921,Excesive
18010206,112.29741617594921,Excesive
18010207,71.76269525064224,Excesive
18010208,224.15737432823414,Excesive
18010209,96.60474908880586,Excesive
18010211,474.6853434785696,Excesive
18020001,505.61545020748673,Excesive
18020002,140.6375554078555,Excesive
18020003,237.30880535687686,Excesive
18020004,216.5195902503092,Excesive
18020005,171.71067489476903,Excesive
18020103,108.05211188549922,Excesive
18020104,216.95551762669132,Excesive
18020105,47.27940916744175,Optimium
18020106,268.49226592858867,Excesive
18020109,343.46846939121104,Excesive
18020111,87.33588093508092,Excesive
18020112,9.012975282065256,Very Low
18020115,76.66071812812594,Excesive
18020118,84.1030336466222,Excesive
18020119,59.40316948447614,Excesive
18020121,193.5178275224988,Excesive
18020122,255.49590356597625,Excesive
18020123,164.8608711517843,Excesive
18020125,316.42789158157836,Excesive
18020126,91.8308860948003,Excesive
18020128,311.0657862956673,Excesive
18020129,82.97813284610335,Excesive
18030001,402.8358579934969,Excesive
18030003,116.37508501849555,Excesive
18030006,124.76935534243977,Excesive
18030007,29.07182552191811,Medium
18030010,89.8815610154265,Excesive
18030011,526.6958797610671,Excesive
18030012,152.161106914148,Excesive
18040001,27.599489505476843,Medium
18040002,66.71101040796937,Excesive
18040003,279.0723073899841,Excesive
18040006,54.89634249783364,Excesive
18040007,221.6315114299139,Excesive
18040008,120.90183207821009,Excesive
18040009,370.3496691043869,Excesive
18040010,289.6983590852288,Excesive
18040011,265.1959658920336,Excesive
18050003,171.5766732418019,Excesive
18050004,41.491389853758214,Optimium
18060001,7.938271964571563,Very Low
18060002,73.05142783218655,Excesive
18060004,120.90183207821009,Excesive
18060005,98.82411351165085,Excesive
18060006,222.53872402107044,Excesive
18060007,9.012975282065256,Very Low
18060008,129.20330742872576,Excesive
18060010,12.548447839669493,Very Low
18060012,3.176665765636363,Very Low
18070102,745.5911679024789,Excesive
18070103,95.79703182080613,Excesive
18070105,393.92610698073685,Excesive
18070202,29.07182552191811,Medium
18070301,401.8200919123201,Excesive
18070302,31.36383233544305,Medium
18070304,41.50393569513829,Optimium
18080001,516.390663021487,Excesive
18080002,276.4242313425077,Excesive
18080003,340.78917150734134,Excesive
18090101,59.020224134783895,Excesive
18090102,177.11921651083102,Excesive
18090103,281.14625235770785,Excesive
18090201,191.1445008002549,Excesive
18090202,21.36391441935417,Low
18090203,232.4270795174085,Excesive
18090204,140.607227738889,Excesive
18090205,59.0332787513536,Excesive
18090206,82.02369803614967,Excesive
18090207,53.498399965746025,Excesive
18090208,50.39782855927538,Excesive
18100100,113.64634752275236,Excesive
18100200,158.86569874884987,Excesive
