HUC_8,TSI,Trophic Class
01010002,42.477455426214654,Mesotrophic
01010003,41.006463976042454,Mesotrophic
01010004,46.23434367881456,Mesotrophic
01020001,38.20233362198118,Oligotrophic
01020002,52.68930220130504,Eutrophic
01020003,41.66947467786422,Mesotrophic
01020004,50.710624891002325,Eutrophic
01020005,33.58029226699363,Oligotrophic
01030001,43.54241543348729,Mesotrophic
01030002,41.051575515272184,Mesotrophic
01030003,50.221253079958686,Eutrophic
01040001,45.461241874446976,Mesotrophic
01040002,39.713583237005736,Oligotrophic
01050001,38.27213995349015,Oligotrophic
01050002,38.52015824821496,Oligotrophic
01050003,38.642040146949384,Oligotrophic
01060001,37.02482374352692,Oligotrophic
01060002,45.95331673368895,Mesotrophic
01060003,46.06142262030248,Mesotrophic
01070002,46.52819774281889,Mesotrophic
01070003,41.59058237243367,Mesotrophic
01070004,37.83157948723162,Oligotrophic
01070005,57.12665378290283,Eutrophic
01070006,59.257209611727305,Eutrophic
01080101,40.83107838534178,Mesotrophic
01080102,19.664384211433685,Oligotrophic
01080103,28.907095506903982,Oligotrophic
01080104,33.248966216060126,Oligotrophic
01080202,44.929199234904,Mesotrophic
01080203,45.11221971772426,Mesotrophic
01080204,50.81190726607673,Eutrophic
01080205,53.17723545714371,Eutrophic
01080206,46.6340101757661,Mesotrophic
01080207,34.89928087243464,Oligotrophic
01090002,55.5652112507491,Eutrophic
01090003,45.08088498882406,Mesotrophic
01090004,49.312159533903426,Mesotrophic
01090005,51.994328169580605,Eutrophic
01100001,53.9940828200445,Eutrophic
01100002,49.76039355371336,Mesotrophic
01100003,32.86720598265082,Oligotrophic
01100005,51.53742296050882,Eutrophic
01110000,40.293757392871456,Mesotrophic
02010000,35.689367113402795,Oligotrophic
02010001,41.48147240892303,Mesotrophic
02010002,38.69591178150734,Oligotrophic
02010003,52.68930220130504,Eutrophic
02010005,47.31242471884775,Mesotrophic
02010006,42.222789751958885,Mesotrophic
02010008,47.98246683834998,Mesotrophic
02020001,49.849999279025596,Mesotrophic
02020002,35.75338988588031,Oligotrophic
02020003,38.24517704141779,Oligotrophic
02020006,36.79277613081862,Oligotrophic
02020007,68.82429778531198,Eutrophic
02030101,67.17266264089142,Eutrophic
02030103,72.64243336577128,Hypereutrophic
02030104,65.03067485240388,Eutrophic
02030105,48.91699762451066,Mesotrophic
02040101,58.61257166815877,Eutrophic
02040104,49.3543877865192,Mesotrophic
02040105,62.530659541620494,Eutrophic
02040106,46.21539100628667,Mesotrophic
02040201,58.5569213097949,Eutrophic
02040202,55.419295204468824,Eutrophic
02040205,71.89704331662446,Hypereutrophic
02040207,75.47618081983127,Hypereutrophic
02040302,40.24712830867469,Mesotrophic
02050101,44.86327902411425,Mesotrophic
02050103,74.95874594085109,Hypereutrophic
02050105,46.65524854776804,Mesotrophic
02050106,56.72625841501505,Eutrophic
02050107,51.229585338055436,Eutrophic
02050301,67.05761931072826,Eutrophic
02050302,25.79908073471947,Oligotrophic
02050303,44.57643915074382,Mesotrophic
02060002,43.39796507974147,Mesotrophic
02060003,40.94280101205871,Mesotrophic
02060006,77.1523326898153,Hypereutrophic
02060007,70.92027211192051,Hypereutrophic
02060008,62.67212641783923,Eutrophic
02070001,51.57093951257539,Eutrophic
02070002,37.08072133066152,Oligotrophic
02070003,35.57188067923451,Oligotrophic
02070004,51.57093951257539,Eutrophic
02070005,39.5100164753353,Oligotrophic
02070006,57.99335913894778,Eutrophic
02070008,50.539923271909004,Eutrophic
02070010,67.50269494699586,Eutrophic
02070011,49.13294030882969,Mesotrophic
02080103,61.90664375013105,Eutrophic
02080105,61.61792496155677,Eutrophic
02080106,63.880355751524014,Eutrophic
02080107,66.22289059096624,Eutrophic
02080108,76.85337549998214,Hypereutrophic
02080204,62.33288939718025,Eutrophic
02080206,60.74463518919857,Eutrophic
02080207,64.10756848735477,Eutrophic
02080208,54.29003622244648,Eutrophic
03010101,53.06098743292472,Eutrophic
03010103,44.584302878619816,Mesotrophic
03010201,69.88812785582938,Eutrophic
03010202,71.78339824379208,Hypereutrophic
03010204,76.58424971136236,Hypereutrophic
03020106,55.36168943045398,Eutrophic
03020201,67.69983457718615,Eutrophic
03020203,62.34832606440955,Eutrophic
03030002,62.92260452748737,Eutrophic
03030004,51.75712044337604,Eutrophic
03030006,64.35050151013944,Eutrophic
03040103,65.97526393464639,Eutrophic
03040105,73.38060464605812,Hypereutrophic
03040201,57.218153446907934,Eutrophic
03050101,55.45248275320637,Eutrophic
03050104,46.92311501861525,Mesotrophic
03050105,40.007645379102854,Mesotrophic
03050107,43.111309072047696,Mesotrophic
03050109,48.161182093337686,Mesotrophic
03050110,63.745287597082275,Eutrophic
03050111,55.61005712677986,Eutrophic
03050201,60.14385115878786,Eutrophic
03050203,45.61923697245729,Mesotrophic
03050204,56.57982492959204,Eutrophic
03050205,54.015746428406686,Eutrophic
03060101,45.31130208544783,Mesotrophic
03060106,67.97334869324217,Eutrophic
03060203,60.588706930894816,Eutrophic
03070103,61.46757371596698,Eutrophic
03070104,55.400913792987254,Eutrophic
03070105,62.990121419393766,Eutrophic
03070203,65.14113672842065,Eutrophic
03070204,43.441371100837806,Mesotrophic
03080101,58.99254778668573,Eutrophic
03080102,72.64999181557357,Hypereutrophic
03080103,63.438434720753136,Eutrophic
03090101,59.05695499867021,Eutrophic
03090103,36.46379992835937,Oligotrophic
03090201,53.12932247275782,Eutrophic
03090204,65.35726267878474,Eutrophic
03100101,66.45262664268415,Eutrophic
03100205,81.96532029883994,Hypereutrophic
03100206,66.53953974853184,Eutrophic
03100207,76.21134103425268,Hypereutrophic
03100208,54.54986567456751,Eutrophic
03110201,42.059437226417025,Mesotrophic
03110203,61.57851951692848,Eutrophic
03110204,57.20513420146685,Eutrophic
03110205,58.56826563022649,Eutrophic
03120003,68.53335496636547,Eutrophic
03130003,49.90422996161254,Mesotrophic
03130005,74.07120545392578,Hypereutrophic
03130007,62.501371290150274,Eutrophic
03140203,58.54109840015356,Eutrophic
03140301,53.3537280806932,Eutrophic
03140304,68.24390769506797,Eutrophic
03150102,33.54402605193782,Oligotrophic
03150104,46.488788423790915,Mesotrophic
03150105,66.18090973438328,Eutrophic
03150106,63.365703584425994,Eutrophic
03150107,58.902634833848396,Eutrophic
03150109,45.42884065595716,Mesotrophic
03150202,55.73192204796571,Eutrophic
03160101,50.31636828777786,Eutrophic
03160106,52.81171081628597,Eutrophic
03160109,49.675354256770504,Mesotrophic
03160110,28.036011663841464,Oligotrophic
03160112,55.9582663436524,Eutrophic
03160113,48.31999547768757,Mesotrophic
03160201,52.095137661160535,Eutrophic
03160203,74.77360548862299,Hypereutrophic
03160204,32.944755793615606,Oligotrophic
03170001,83.40388003197134,Hypereutrophic
03170006,58.364927449837566,Eutrophic
03170007,52.928582356453035,Eutrophic
03180004,63.004558508092146,Eutrophic
04010101,45.35558057833925,Mesotrophic
04010201,56.673106139568205,Eutrophic
04010202,47.09805161107466,Mesotrophic
04010301,54.10103179740972,Eutrophic
04020102,52.01159735185961,Eutrophic
04020103,42.71141616908211,Mesotrophic
04020104,42.518294022213496,Mesotrophic
04020105,46.697587844830956,Mesotrophic
04020201,46.59374364336013,Mesotrophic
04030101,58.59374248771404,Eutrophic
04030102,72.45825297199266,Hypereutrophic
04030104,49.22055214999804,Mesotrophic
04030106,36.61817827811278,Oligotrophic
04030107,45.25854608693727,Mesotrophic
04030108,49.00554884641669,Mesotrophic
04030110,56.584452287011835,Eutrophic
04030111,41.31176757807484,Mesotrophic
04030201,51.878416800625025,Eutrophic
04030202,54.77457387034184,Eutrophic
04030204,66.73873440956875,Eutrophic
04040001,57.19644509549576,Eutrophic
04040003,65.71336039271762,Eutrophic
04050001,56.366467636966604,Eutrophic
04050002,49.59833164738963,Mesotrophic
04050003,47.63128437570653,Mesotrophic
04050004,42.22728872016431,Mesotrophic
04050005,55.48665927333056,Eutrophic
04050006,51.11973300406675,Eutrophic
04050007,57.02703550282311,Eutrophic
04060101,57.79664255855865,Eutrophic
04060102,50.8809722444543,Eutrophic
04060103,33.9119976681719,Oligotrophic
04060104,41.85735266564899,Mesotrophic
04060105,38.97253338553057,Oligotrophic
04060106,46.671480045398695,Mesotrophic
04070003,44.47363288863261,Mesotrophic
04070004,41.22954737025357,Mesotrophic
04070005,31.031805645938558,Oligotrophic
04070006,31.53499286388043,Oligotrophic
04070007,42.15925109485546,Mesotrophic
04080201,38.85577409150333,Oligotrophic
04080202,45.7082616544762,Mesotrophic
04080203,48.25046085869488,Mesotrophic
04090003,41.136522212662484,Mesotrophic
04090005,53.45648083882497,Eutrophic
04100002,40.048740057353186,Mesotrophic
04100003,43.75213581737956,Mesotrophic
04100004,82.0402061586682,Hypereutrophic
04100011,49.311758713463476,Mesotrophic
04100012,72.14795213466188,Hypereutrophic
04110001,82.79381237936576,Hypereutrophic
04110002,69.43305375699515,Eutrophic
04140201,37.4024489313376,Oligotrophic
04140202,46.99715310589836,Mesotrophic
04150303,72.4444845486799,Hypereutrophic
04150305,36.185461205601456,Oligotrophic
04150306,36.60310319756849,Oligotrophic
04150307,55.48665927333056,Eutrophic
05010001,41.94900454053036,Mesotrophic
05010002,51.93431438775962,Eutrophic
05010003,59.59788326874846,Eutrophic
05010004,47.58754089800341,Mesotrophic
05010007,45.50213038378989,Mesotrophic
05010008,32.63080900166024,Oligotrophic
05020002,34.74619584137882,Oligotrophic
05020003,38.46363555302509,Oligotrophic
05020004,44.678179193088255,Mesotrophic
05020006,41.620380633973696,Mesotrophic
05030103,48.73334171459413,Mesotrophic
05030106,61.15447913228008,Eutrophic
05030201,50.507601285761446,Eutrophic
05030203,40.82589111105153,Mesotrophic
05030204,41.973652794703376,Mesotrophic
05040001,65.91628178472843,Eutrophic
05040005,74.7114718290534,Hypereutrophic
05050001,37.2015852825082,Oligotrophic
05050004,45.571465343678,Mesotrophic
05050005,30.69761274566958,Oligotrophic
05050007,57.36023624658821,Eutrophic
05050008,67.773729438314,Eutrophic
05060001,65.86182128646067,Eutrophic
05060002,35.87446694442879,Oligotrophic
05070202,36.474586075680186,Oligotrophic
05080001,71.45112895328813,Hypereutrophic
05080002,63.95374898090772,Eutrophic
05080003,67.72067050988777,Eutrophic
05090104,32.46998572776086,Oligotrophic
05090201,52.434156717335846,Eutrophic
05090203,65.11053432251038,Eutrophic
05100101,61.35919825826496,Eutrophic
05100205,61.457548323922296,Eutrophic
05110001,53.943347575817015,Eutrophic
05110006,59.8099450517072,Eutrophic
05120104,41.07858172640917,Mesotrophic
05120106,53.80815346270053,Eutrophic
05120107,46.54430347620173,Mesotrophic
05120109,45.4273981142436,Mesotrophic
05120111,56.632632013101414,Eutrophic
05120113,56.08868863728199,Eutrophic
05120114,69.23925818868031,Eutrophic
05120115,57.58211969563425,Eutrophic
05120201,63.310702058421604,Eutrophic
05120202,52.06456437270825,Eutrophic
05120203,62.92125359545758,Eutrophic
05120204,70.53613920149445,Hypereutrophic
05120206,57.99335913894778,Eutrophic
05120207,59.829904366832494,Eutrophic
05120208,51.3017860228388,Eutrophic
05120209,43.05635094511524,Mesotrophic
05130101,25.833028860201292,Oligotrophic
05130108,69.23257009492235,Eutrophic
05130202,61.37624430946965,Eutrophic
05130204,46.6212450470944,Mesotrophic
05130205,67.81756931845166,Eutrophic
05140101,54.015746428406686,Eutrophic
05140102,65.63167549374867,Eutrophic
05140201,47.59008711609195,Mesotrophic
05140202,63.79421538042035,Eutrophic
05140203,59.0609692652134,Eutrophic
05140204,76.45085736984686,Hypereutrophic
05140205,48.74466431159889,Mesotrophic
06010101,43.33882893322458,Mesotrophic
06010102,42.04417349220337,Mesotrophic
06010105,37.64200837080461,Oligotrophic
06010108,59.33930214099507,Eutrophic
06010202,30.570525766510873,Oligotrophic
06010205,48.33609592443308,Mesotrophic
06010208,35.39296994537116,Oligotrophic
06020003,39.808817345114335,Oligotrophic
06020004,40.197379264605296,Mesotrophic
06040001,60.18239737734018,Eutrophic
06040002,72.45183011248248,Hypereutrophic
06040003,70.80902355236327,Hypereutrophic
06040006,73.38114734150261,Hypereutrophic
07010101,42.99664829268113,Mesotrophic
07010102,48.81579985909588,Mesotrophic
07010103,55.732931254681176,Eutrophic
07010104,56.20824640888053,Eutrophic
07010105,52.94066281224524,Eutrophic
07010106,53.522677829206174,Eutrophic
07010107,48.355381644930176,Mesotrophic
07010108,50.7603819878177,Eutrophic
07010201,48.82851410299607,Mesotrophic
07010202,56.08868863728199,Eutrophic
07010203,48.22608817535051,Mesotrophic
07010204,69.02356769252088,Eutrophic
07010205,90.26029427255789,Hypereutrophic
07010206,54.58668389960409,Eutrophic
07010207,72.0164258275316,Hypereutrophic
07020001,60.6454450879011,Eutrophic
07020002,76.22447105533324,Hypereutrophic
07020003,71.48562658412247,Hypereutrophic
07020004,75.00263268116437,Hypereutrophic
07020005,59.434043496688,Eutrophic
07020007,73.23817867347147,Hypereutrophic
07020011,74.63425759101257,Hypereutrophic
07020012,59.33930214099507,Eutrophic
07030001,53.20422977619098,Eutrophic
07030002,44.393811456361654,Mesotrophic
07030004,68.23756297133706,Eutrophic
07030005,58.58511607353259,Eutrophic
07040002,53.75534930077578,Eutrophic
07040007,53.85209110379971,Eutrophic
07050001,50.83859959243155,Eutrophic
07050002,48.656181181619914,Mesotrophic
07050003,55.32625290787516,Eutrophic
07050005,74.13613515546547,Hypereutrophic
07050007,61.891505636947564,Eutrophic
07060001,62.37143561573257,Eutrophic
07070001,56.493044488480535,Eutrophic
07070002,45.42018222644539,Mesotrophic
07070003,37.92500876485704,Oligotrophic
07070004,73.31412743991845,Hypereutrophic
07070005,65.31023587515475,Eutrophic
07080104,66.50426100514258,Eutrophic
07080105,62.80047982604417,Eutrophic
07080106,60.61512332910989,Eutrophic
07080203,75.04368153636105,Hypereutrophic
07080205,70.86313290106838,Hypereutrophic
07080207,74.87306854035761,Hypereutrophic
07080208,64.69648195213489,Eutrophic
07090001,73.97518729839413,Hypereutrophic
07100001,62.22414719109598,Eutrophic
07100002,81.25428865282615,Hypereutrophic
07100003,81.83287855722251,Hypereutrophic
07100005,72.66249352053791,Hypereutrophic
07100006,67.07946654505733,Eutrophic
07100008,70.94989414181575,Hypereutrophic
07110001,56.72910792496825,Eutrophic
07110004,47.58754089800341,Mesotrophic
07110005,74.3426690996962,Hypereutrophic
07110006,63.76755775532088,Eutrophic
07110008,68.15897209955803,Eutrophic
07110009,64.41318542948838,Eutrophic
07120001,67.7748779899445,Eutrophic
07120002,61.23903927569745,Eutrophic
07120004,79.47842437893371,Hypereutrophic
07120006,72.83404575796783,Hypereutrophic
07130003,69.96175367049686,Eutrophic
07130005,40.96601672554556,Mesotrophic
07130012,65.94591262756077,Eutrophic
07140101,66.56967802108451,Eutrophic
07140102,35.21073560290067,Oligotrophic
07140103,56.74846265536429,Eutrophic
07140104,39.67087190889873,Oligotrophic
07140106,62.09837623760689,Eutrophic
07140201,65.53386207034575,Eutrophic
07140202,74.15467082465497,Hypereutrophic
07140203,72.5540946275475,Hypereutrophic
08010100,74.05462726817171,Hypereutrophic
08010202,78.5846458325528,Hypereutrophic
08010203,78.07501903560215,Hypereutrophic
08010205,60.5300917057215,Eutrophic
08010207,57.660784917009344,Eutrophic
08010208,59.505577308053184,Eutrophic
08010210,76.67454242264894,Hypereutrophic
08020201,66.37338282533703,Eutrophic
08020202,68.0920362588929,Eutrophic
08020203,62.47095266112666,Eutrophic
08020302,72.24966963582729,Hypereutrophic
08020402,70.85503550069119,Hypereutrophic
08030201,61.16971036523891,Eutrophic
08030203,53.44971710485598,Eutrophic
08030204,62.255339586215484,Eutrophic
08030205,46.765792059309945,Mesotrophic
08030206,69.50651898386303,Eutrophic
08030207,63.288926244818754,Eutrophic
08040101,52.58275344248099,Eutrophic
08040203,61.733010897417344,Eutrophic
08040206,57.16655378964863,Eutrophic
08040306,75.45428833128625,Hypereutrophic
08050001,71.47194351332604,Hypereutrophic
08050003,67.24315396216458,Eutrophic
08060100,84.39249745441757,Hypereutrophic
08060201,61.37624430946965,Eutrophic
08060203,48.886626083223355,Mesotrophic
08060204,71.14713061667243,Hypereutrophic
08070202,72.82287856433291,Hypereutrophic
08080102,70.99817928151468,Hypereutrophic
08080201,63.293596561498255,Eutrophic
08080202,54.745321452500384,Eutrophic
08080204,57.99335913894778,Eutrophic
09010001,72.05148107704241,Hypereutrophic
09010002,90.76437791303431,Hypereutrophic
09010003,54.84249219179436,Eutrophic
09010004,56.565929743132926,Eutrophic
09010005,52.726391092364516,Eutrophic
09020101,77.74993540579204,Hypereutrophic
09020102,59.32531781756191,Eutrophic
09020103,53.94179030916935,Eutrophic
09020105,63.071234163909864,Eutrophic
09020106,49.63597920390852,Mesotrophic
09020108,76.45877019912604,Hypereutrophic
09020201,73.22809845899673,Hypereutrophic
09020202,54.675319728323075,Eutrophic
09020301,61.55764272675537,Eutrophic
09020303,41.37738655183416,Mesotrophic
09020305,75.53840821044085,Hypereutrophic
09020308,61.83376681571667,Eutrophic
09020313,40.93596239205364,Mesotrophic
09030001,46.216167565880426,Mesotrophic
09030003,50.413173980658556,Eutrophic
09030006,46.716581074384514,Mesotrophic
10010001,24.09019800869649,Oligotrophic
10020001,34.7075483849588,Oligotrophic
10020004,31.611980883526765,Oligotrophic
10020007,38.85577409150333,Oligotrophic
10030101,44.05128289566956,Mesotrophic
10030102,44.100953887863284,Mesotrophic
10030103,33.51977387884977,Oligotrophic
10030104,31.551823871198206,Oligotrophic
10030201,46.53528752335809,Mesotrophic
10030202,26.06743214135776,Oligotrophic
10030203,70.36505638915511,Hypereutrophic
10030205,24.91374453876864,Oligotrophic
10040101,77.24370758445772,Hypereutrophic
10040102,72.22152040560907,Hypereutrophic
10040104,54.383841558166196,Eutrophic
10040201,46.38858592097853,Mesotrophic
10050002,56.34562903767774,Eutrophic
10050004,54.52681244385982,Eutrophic
10050006,79.32658055138455,Hypereutrophic
10050007,44.76653722109032,Mesotrophic
10050008,78.78953714827989,Hypereutrophic
10050009,55.76969644966451,Eutrophic
10050010,26.95986528555594,Oligotrophic
10050012,38.32286858215402,Oligotrophic
10050014,75.26630122113727,Hypereutrophic
10060001,46.99715310589836,Mesotrophic
10060002,63.455672468994436,Eutrophic
10060006,38.44120536236958,Oligotrophic
10060007,59.313965879392235,Eutrophic
10070001,65.30833489656146,Eutrophic
10070003,64.0672434391569,Eutrophic
10070004,44.417826156236714,Mesotrophic
10070005,23.800226158706938,Oligotrophic
10070006,36.5328504826026,Oligotrophic
10080001,35.57188067923452,Oligotrophic
10080003,56.54504999066029,Eutrophic
10080010,53.61077335387857,Eutrophic
10080014,43.24737227959501,Mesotrophic
10090205,35.332600524086516,Oligotrophic
10090206,34.160102893092706,Oligotrophic
10100001,62.85922251653992,Eutrophic
10110101,55.9580814220226,Eutrophic
10110102,51.193585297654714,Eutrophic
10110201,61.51155679958786,Eutrophic
10110203,63.004558508092146,Eutrophic
10120106,70.72182297792395,Hypereutrophic
10120107,52.23077791108632,Eutrophic
10120109,50.22788818335671,Eutrophic
10120113,43.40287703886155,Mesotrophic
10130101,72.60735975923905,Hypereutrophic
10130102,36.474586075680186,Oligotrophic
10130103,65.84059813238251,Eutrophic
10130104,75.76600115124567,Hypereutrophic
10130105,62.420861014834294,Eutrophic
10130106,61.78832528675848,Eutrophic
10130202,41.103272277162084,Mesotrophic
10130204,40.12334117732219,Mesotrophic
10130302,65.60494933793447,Eutrophic
10130306,62.27089866957226,Eutrophic
10140101,47.61355063484851,Mesotrophic
10140102,67.58921167408748,Eutrophic
10140103,72.67941925662839,Hypereutrophic
10150001,70.26233293745693,Hypereutrophic
10150002,49.33261197291634,Mesotrophic
10150003,67.30461496656505,Eutrophic
10150004,80.47142124482525,Hypereutrophic
10150007,65.8005367509069,Eutrophic
10160001,56.39055860880284,Eutrophic
10160002,79.62953927030439,Hypereutrophic
10160003,58.317063083425744,Eutrophic
10160004,62.96118334531237,Eutrophic
10160006,64.61112404878355,Eutrophic
10160007,87.95200486629935,Hypereutrophic
10160008,92.12210470028226,Hypereutrophic
10160010,66.92695448079793,Eutrophic
10160011,75.62845473762661,Hypereutrophic
10170101,78.37787311286502,Hypereutrophic
10170102,79.70187221702037,Hypereutrophic
10170201,76.26271714795988,Hypereutrophic
10170202,68.26080692405327,Eutrophic
10170203,69.3993592748571,Eutrophic
10180001,41.4100321726433,Mesotrophic
10180002,40.3292557838211,Mesotrophic
10180006,47.1580963130459,Mesotrophic
10180009,77.18335786220396,Hypereutrophic
10180010,50.227049927483776,Eutrophic
10180011,43.1958903219171,Mesotrophic
10180014,61.882411543491024,Eutrophic
10190002,71.08718831729234,Hypereutrophic
10190003,80.34952141130037,Hypereutrophic
10190004,50.033624409581186,Eutrophic
10190005,67.4557763482805,Eutrophic
10190006,42.92318147933186,Mesotrophic
10190007,67.32243654249444,Eutrophic
10190009,41.42088994906992,Mesotrophic
10190016,64.18562367945574,Eutrophic
10190018,56.407844956103034,Eutrophic
10200101,72.87741083648399,Hypereutrophic
10200202,80.41684107053567,Hypereutrophic
10200203,77.14814976212796,Hypereutrophic
10210001,66.73750192008914,Eutrophic
10210003,51.703082066969515,Eutrophic
10210006,85.8578023855986,Hypereutrophic
10210010,74.91278736684367,Hypereutrophic
10220001,80.22907011584687,Hypereutrophic
10220003,69.5207601578224,Eutrophic
10230001,73.23817867347147,Hypereutrophic
10230003,75.74279307012928,Hypereutrophic
10240011,51.771115921222844,Eutrophic
10240012,59.450464803548755,Eutrophic
10250003,67.17266264089142,Eutrophic
10250005,68.96123711304011,Eutrophic
10250007,63.52888176455185,Eutrophic
10250009,59.70448716384951,Eutrophic
10250015,59.58766983732095,Eutrophic
10250017,48.82882980498992,Mesotrophic
10260008,74.88381922636506,Hypereutrophic
10260009,45.94716176119801,Mesotrophic
10260012,63.51747876374426,Eutrophic
10260015,59.98813360356465,Eutrophic
10270102,59.229258994838496,Eutrophic
10270103,69.26310708456096,Eutrophic
10270104,60.30821937977851,Eutrophic
10270202,72.53807217511252,Hypereutrophic
10280102,53.976445843990405,Eutrophic
10280201,70.93785257235358,Hypereutrophic
10290101,58.70538068073585,Eutrophic
10290102,59.119272174458175,Eutrophic
10290104,62.986508824987254,Eutrophic
10290105,71.43943312731679,Hypereutrophic
10290107,63.75253094615343,Eutrophic
10290108,65.85409171035094,Eutrophic
10290111,61.444133853774915,Eutrophic
10290203,49.86714107055307,Mesotrophic
10300101,63.18997854760845,Eutrophic
10300102,70.20479611620597,Hypereutrophic
10300104,62.97927964264095,Eutrophic
11010007,51.023815918627335,Eutrophic
11010008,40.312260358819,Mesotrophic
11010009,64.0779175586135,Eutrophic
11010010,45.48493493679295,Mesotrophic
11020001,31.5171402656868,Oligotrophic
11020002,36.42189123098344,Oligotrophic
11020008,52.60741784400727,Eutrophic
11020009,63.5524439420814,Eutrophic
11020010,41.711704618768735,Mesotrophic
11030013,43.134768630034934,Mesotrophic
11030015,66.69426694486268,Eutrophic
11030017,56.710856754633824,Eutrophic
11030018,59.844847248625015,Eutrophic
11040002,53.373001171371754,Eutrophic
11040008,58.30824972003151,Eutrophic
11050001,35.747586868852174,Oligotrophic
11050002,68.20471636723124,Eutrophic
11050003,56.17950580134789,Eutrophic
11060001,57.753618869523834,Eutrophic
11060006,69.66326595096159,Eutrophic
11070101,46.55029472304589,Mesotrophic
11070104,75.52734562276999,Hypereutrophic
11070106,59.292639253327195,Eutrophic
11070107,49.78976602153971,Mesotrophic
11070201,57.99335913894778,Eutrophic
11070205,48.711689490763945,Mesotrophic
11080001,62.41170422668715,Eutrophic
11080002,38.98181436921102,Oligotrophic
11080003,50.01330683241862,Eutrophic
11080004,47.2219817759633,Mesotrophic
11080006,35.08733774945137,Oligotrophic
11090104,54.76204779926351,Eutrophic
11090105,56.833398250874254,Eutrophic
11090106,59.699436970687785,Eutrophic
11090201,35.747586868852174,Oligotrophic
11090202,55.91192709830071,Eutrophic
11100203,54.55089027115312,Eutrophic
11100301,65.9583754241553,Eutrophic
11100302,66.37551455354463,Eutrophic
11100303,51.57787809591311,Eutrophic
11110103,51.442854606958576,Eutrophic
11110104,57.62590045048041,Eutrophic
11110105,57.15943029184331,Eutrophic
11110202,46.7959534973661,Mesotrophic
11110204,43.13867310652684,Mesotrophic
11110207,65.38031436604182,Eutrophic
11120202,77.11531485250244,Hypereutrophic
11120303,65.79872845597092,Eutrophic
11130201,67.9280871434351,Eutrophic
11130202,54.694970614848216,Eutrophic
11130203,64.16641975815176,Eutrophic
11130206,54.40466222392311,Eutrophic
11130210,64.65999089951906,Eutrophic
11130302,70.29983747015797,Hypereutrophic
11130303,60.256019286271446,Eutrophic
11130304,46.697587844830956,Mesotrophic
11140101,59.28816266716683,Eutrophic
11140102,41.57165032560968,Mesotrophic
11140103,59.58766983732095,Eutrophic
11140104,63.84179654639711,Eutrophic
11140106,64.79313298024084,Eutrophic
11140109,61.3107396387357,Eutrophic
11140201,67.4210303379837,Eutrophic
11140203,58.761300451833975,Eutrophic
11140206,81.38910736445732,Hypereutrophic
11140207,57.61691007257913,Eutrophic
11140302,73.59993612846901,Hypereutrophic
11140304,74.32069311429804,Hypereutrophic
11140305,62.819854824529614,Eutrophic
11140306,61.970971849488876,Eutrophic
12010002,76.6965397520005,Hypereutrophic
12010003,77.30014272056638,Hypereutrophic
12010004,67.82933896593423,Eutrophic
12010005,71.08718831729234,Hypereutrophic
12020001,66.09074558572155,Eutrophic
12020004,32.75234570033635,Oligotrophic
12020005,51.440510240834385,Eutrophic
12030101,47.57016268265278,Mesotrophic
12030102,47.35918680943513,Mesotrophic
12030103,66.38817356229688,Eutrophic
12030105,71.42275518755294,Hypereutrophic
12030106,71.20397307026062,Hypereutrophic
12030107,69.95406767763575,Eutrophic
12030108,62.28643311462363,Eutrophic
12030201,61.90529908560972,Eutrophic
12030202,65.73249652808752,Eutrophic
12040103,57.49017192100591,Eutrophic
12040104,55.209593360536154,Eutrophic
12040205,56.28738812026165,Eutrophic
12060101,56.517141010243094,Eutrophic
12060102,59.63015582921905,Eutrophic
12060105,50.819884165451406,Eutrophic
12060201,52.257780405426544,Eutrophic
12060202,41.31646923188657,Mesotrophic
12060204,51.00645347643356,Eutrophic
12070101,63.004558508092146,Eutrophic
12070102,66.0786256905372,Eutrophic
12070104,53.96270624036567,Eutrophic
12070201,73.40262233003963,Hypereutrophic
12070202,41.58446548092657,Mesotrophic
12070203,43.92599383635378,Mesotrophic
12080002,88.69944713696643,Hypereutrophic
12080007,55.511463332057005,Eutrophic
12090104,55.43998194498121,Eutrophic
12090106,40.637298617247275,Mesotrophic
12090107,47.40646400996133,Mesotrophic
12090108,45.823244324051124,Mesotrophic
12090201,60.39879446823579,Eutrophic
12090204,31.711754402861704,Oligotrophic
12090301,59.98813360356465,Eutrophic
12100101,60.29713552741708,Eutrophic
12100203,64.06206392478103,Eutrophic
12100301,65.59498376339948,Eutrophic
12110104,60.670184278147524,Eutrophic
12110108,57.244140217071106,Eutrophic
12110111,57.106935183298916,Eutrophic
12110207,64.04391405836418,Eutrophic
12110208,62.78573902687688,Eutrophic
13010001,44.06786785395637,Mesotrophic
13020101,51.84613087322155,Eutrophic
13020102,32.944755793615606,Oligotrophic
13020201,48.74877838182343,Mesotrophic
13020202,53.82454780072703,Eutrophic
13030101,59.94388897832659,Eutrophic
13040212,43.799083916342425,Mesotrophic
13060001,44.236266377981494,Mesotrophic
13080001,51.93431438775962,Eutrophic
14010001,47.14629835612179,Mesotrophic
14010002,46.75009466121839,Mesotrophic
14010004,26.221923523215207,Oligotrophic
14020002,37.68974569128262,Oligotrophic
14020005,45.24538918350764,Mesotrophic
14030003,29.32363379674573,Oligotrophic
14040101,43.15626734700169,Mesotrophic
14040102,34.867306631991724,Oligotrophic
14040104,36.85865020764399,Oligotrophic
14040106,53.20272717456241,Eutrophic
14040107,39.02347048275806,Oligotrophic
14050001,37.95286491230128,Oligotrophic
14050002,46.651853496262945,Mesotrophic
14050005,37.59644173222313,Oligotrophic
14060002,39.45050163152255,Oligotrophic
14060003,66.03173675429356,Eutrophic
14060004,45.71793020024203,Mesotrophic
14060007,31.566937329066825,Oligotrophic
14060009,37.89147663953856,Oligotrophic
14070003,58.77857810122518,Eutrophic
14070005,34.3124614344156,Oligotrophic
14080101,55.38262860595986,Eutrophic
14080102,48.34390661753254,Mesotrophic
14080104,34.35938328676789,Oligotrophic
14080202,66.83846195786992,Eutrophic
14080204,48.92457584041475,Mesotrophic
15010004,55.80432090055538,Eutrophic
15010008,41.510548669300185,Mesotrophic
15010011,50.85176809623199,Eutrophic
15010013,42.510528338541285,Mesotrophic
15010015,30.794263773775526,Oligotrophic
15020001,71.966645246358,Hypereutrophic
15020002,56.39055860880284,Eutrophic
15020005,46.92930624633732,Mesotrophic
15020006,36.9737298780259,Oligotrophic
15020008,46.581647415201104,Mesotrophic
15020011,40.34379989323088,Mesotrophic
15020015,50.76770874195929,Eutrophic
15030104,74.77375037014062,Hypereutrophic
15030204,49.07492361080615,Mesotrophic
15040004,66.58971888607286,Eutrophic
15040005,48.89169454059224,Mesotrophic
15050301,55.69400162966239,Eutrophic
15060106,46.52540339143206,Mesotrophic
15060202,62.762764777397955,Eutrophic
15060203,49.95664732432533,Mesotrophic
16010101,40.939382297962425,Mesotrophic
16010201,61.05306214039598,Eutrophic
16010202,67.45011062998428,Eutrophic
16010203,40.51213358756412,Mesotrophic
16020101,42.78098436477205,Mesotrophic
16020102,49.81931423665033,Mesotrophic
16020201,53.29983823047441,Eutrophic
16020203,40.39151069962883,Mesotrophic
16020204,56.29096384474082,Eutrophic
16020304,60.68846946517492,Eutrophic
16020308,27.156916387095634,Oligotrophic
16020309,49.43382141890119,Mesotrophic
16030001,49.97898757619937,Mesotrophic
16030002,50.69883098661914,Eutrophic
16030003,58.53277098263167,Eutrophic
16030004,34.962367906574784,Oligotrophic
16030006,63.06568020114589,Eutrophic
16030007,54.845254404961985,Eutrophic
16040101,38.36148483335516,Oligotrophic
16040102,21.856612167129096,Oligotrophic
16040106,51.14289117457997,Eutrophic
16040108,45.508075638835685,Mesotrophic
16040109,49.60493040802858,Mesotrophic
16040202,59.600945225803954,Eutrophic
16040203,42.31237941571459,Mesotrophic
16040204,44.881598357169,Mesotrophic
16040205,50.22157400076182,Eutrophic
16050101,35.671833596670915,Oligotrophic
16050102,39.28933300394885,Oligotrophic
16050103,19.69850598070762,Oligotrophic
16050201,37.39977384129307,Oligotrophic
16050203,47.584067716873136,Mesotrophic
16050301,27.75601461108112,Oligotrophic
16050302,44.678179193088255,Mesotrophic
16050304,36.20130935200609,Oligotrophic
16060004,54.681874394798314,Eutrophic
16060008,44.77116567128233,Mesotrophic
17010101,29.658628562858613,Oligotrophic
17010104,44.422622049756825,Mesotrophic
17010202,31.979591382746907,Oligotrophic
17010203,52.33834477829274,Eutrophic
17010204,19.959000947873648,Oligotrophic
17010206,29.086146694629456,Oligotrophic
17010207,17.000452317413874,Oligotrophic
17010208,31.650438369627476,Oligotrophic
17010210,31.86816161325761,Oligotrophic
17010213,33.21145182999938,Oligotrophic
17010214,48.92457584041475,Mesotrophic
17010215,42.964064281445644,Mesotrophic
17010216,56.465098447719285,Eutrophic
17010302,32.02211420615432,Oligotrophic
17010303,46.33108372272845,Mesotrophic
17010305,37.44870162351636,Oligotrophic
17010307,42.57634152885905,Mesotrophic
17010308,38.33674832270326,Oligotrophic
17020001,34.49090262411582,Oligotrophic
17020002,35.25966338512396,Oligotrophic
17020003,62.198512612219176,Eutrophic
17020005,67.22909616181292,Eutrophic
17020006,33.80082883320892,Oligotrophic
17020008,38.22716050742816,Oligotrophic
17020009,35.916398230340135,Oligotrophic
17020010,40.38730329046665,Mesotrophic
17020012,42.34206173790581,Mesotrophic
17020014,34.357153996861946,Oligotrophic
17020015,55.73948857360114,Eutrophic
17020016,48.2747731387968,Mesotrophic
17030001,45.90087596104593,Mesotrophic
17030002,50.43397992695179,Eutrophic
17040101,25.733067938538692,Oligotrophic
17040103,27.749020581732196,Oligotrophic
17040202,44.654794199893,Mesotrophic
17040203,73.53974058551577,Hypereutrophic
17040206,39.41461864089483,Oligotrophic
17040208,68.09049014606148,Eutrophic
17040209,57.74067488222287,Eutrophic
17040211,51.84472472400392,Eutrophic
17040213,56.95442788745829,Eutrophic
17040219,88.95752039865158,Hypereutrophic
17040221,64.04066947424332,Eutrophic
17050101,64.40068064768045,Eutrophic
17050103,61.970971849488876,Eutrophic
17050104,72.57230115969719,Hypereutrophic
17050105,45.549263036150776,Mesotrophic
17050112,38.379256577345984,Oligotrophic
17050114,57.17643089597808,Eutrophic
17050116,51.16606774788265,Eutrophic
17050119,39.15559369202706,Oligotrophic
17050120,25.09544307182673,Oligotrophic
17050122,32.89829951105897,Oligotrophic
17050123,36.51492883301603,Oligotrophic
17050124,49.57378303015193,Mesotrophic
17050201,31.885387254206826,Oligotrophic
17050203,49.334549559333865,Mesotrophic
17060103,47.40646400996133,Mesotrophic
17060105,20.01687722194137,Oligotrophic
17060201,23.66638172322016,Oligotrophic
17060205,26.81665106323443,Oligotrophic
17060209,31.804740883947876,Oligotrophic
17060210,8.946633101608839,Oligotrophic
17060303,48.307096067544926,Mesotrophic
17060306,62.82989514043744,Eutrophic
17060308,37.594037615068586,Oligotrophic
17070201,31.885387254206826,Oligotrophic
17070301,36.20344596857991,Oligotrophic
17070306,30.378426446347525,Oligotrophic
17080001,66.25714466413442,Eutrophic
17080002,44.20970278139567,Mesotrophic
17080004,31.12213490618764,Oligotrophic
17080005,60.86498633829592,Eutrophic
17090001,24.628414263693998,Oligotrophic
17090003,52.93325011643235,Eutrophic
17090004,25.130800043685557,Oligotrophic
17090009,42.638156476959345,Mesotrophic
17090011,34.3660681251867,Oligotrophic
17090012,68.07329469906455,Eutrophic
17100101,45.78158821050409,Mesotrophic
17100105,44.150374647297156,Mesotrophic
17100106,49.35293756846644,Mesotrophic
17100201,60.318839078125194,Eutrophic
17100206,31.711754402861704,Oligotrophic
17100207,40.81204495490675,Mesotrophic
17100301,39.46973772004789,Oligotrophic
17100303,34.06753886542978,Oligotrophic
17100304,44.79106881604472,Mesotrophic
17100305,73.29077254036318,Hypereutrophic
17100307,57.660784917009344,Eutrophic
17100308,39.9622415095968,Oligotrophic
17100309,26.52379349473606,Oligotrophic
17110002,49.94163445242725,Mesotrophic
17110003,49.002543178140044,Mesotrophic
17110004,24.452949457187334,Oligotrophic
17110005,23.317669863195466,Oligotrophic
17110008,65.29120949215412,Eutrophic
17110012,43.329900198873204,Mesotrophic
17110013,35.80546314291989,Oligotrophic
17110015,56.61862707087077,Eutrophic
17110017,22.982252575014847,Oligotrophic
17110018,43.93103624201608,Mesotrophic
17110019,45.596327878412765,Mesotrophic
17120003,55.852291656291406,Eutrophic
17120004,62.17913364578321,Eutrophic
17120007,29.888081503290266,Oligotrophic
17120008,45.65554793279639,Mesotrophic
17120009,57.86416395010685,Eutrophic
18010104,46.38858592097853,Mesotrophic
18010203,36.20130935200609,Oligotrophic
18010204,52.15477310366832,Eutrophic
18010206,54.8717321538295,Eutrophic
18020001,53.13918672698262,Eutrophic
18020003,35.21073560290067,Oligotrophic
18020005,33.9007926412541,Oligotrophic
18020109,71.17696497340077,Hypereutrophic
18020113,44.19954768258613,Mesotrophic
18020116,60.46676511406678,Eutrophic
18020121,31.0843601238831,Oligotrophic
18020123,23.800226158706938,Oligotrophic
18020125,42.60523698421296,Mesotrophic
18020126,38.98181436921102,Oligotrophic
18020128,27.993451944159215,Oligotrophic
18020129,43.16596102398285,Mesotrophic
18030006,40.70056648254716,Mesotrophic
18040001,42.60523698421296,Mesotrophic
18040003,49.259674833953795,Mesotrophic
18040004,64.90073917798617,Eutrophic
18040005,37.350600806004095,Oligotrophic
18040006,46.829774637933724,Mesotrophic
18040008,41.24570672237586,Mesotrophic
18040010,44.60785631130307,Mesotrophic
18050001,40.197379264605296,Mesotrophic
18050003,60.60591638333788,Eutrophic
18050004,50.81363774690225,Eutrophic
18050005,51.89544338752468,Eutrophic
18070203,71.8509625174529,Hypereutrophic
18070303,76.11103759147775,Hypereutrophic
18080003,34.867584560530645,Oligotrophic
18090101,36.31153523075463,Oligotrophic
18090102,52.69549342902711,Eutrophic
18090206,53.3440773174948,Eutrophic
18090208,57.700501570449404,Eutrophic
18100200,77.82346679128531,Hypereutrophic
05050002,50.84982048535453,Eutrophic
05140206,64.28645669381575,Eutrophic
06020002,43.430775251700105,Mesotrophic
03110206,67.55241086764433,Eutrophic
03070101,61.51703672663519,Eutrophic
03120002,79.44311176629819,Hypereutrophic
03110102,83.66330881944491,Hypereutrophic
03110202,75.39831061303481,Hypereutrophic
03130001,56.70233214421342,Eutrophic
03130002,59.166910396612955,Eutrophic
03160105,50.5589775914984,Eutrophic
03130004,59.13868319227221,Eutrophic
03130012,61.74066543764866,Eutrophic
03170004,57.2979903253499,Eutrophic
03180001,76.15660230149236,Hypereutrophic
03180005,64.1779520846774,Eutrophic
04100007,91.66818834694735,Hypereutrophic
03130011,56.06714701604362,Eutrophic
03140107,63.00602003277525,Eutrophic
03150201,55.28646265200345,Eutrophic
03170008,70.71021392478863,Hypereutrophic
03180002,70.47561863221406,Hypereutrophic
04150302,45.68221175607987,Mesotrophic
05020005,111.83311592923788,Hypereutrophic
05030101,69.34321536576707,Eutrophic
05040002,67.69160270711384,Eutrophic
05120101,82.82884117536425,Hypereutrophic
05120108,61.6968427155453,Eutrophic
03150110,42.15816203580818,Mesotrophic
03160108,79.652780105516,Hypereutrophic
03180003,58.80908576839355,Eutrophic
04110003,56.79219219997892,Eutrophic
06030005,50.03611849171585,Eutrophic
05010009,58.74463416302138,Eutrophic
05040003,65.73616970039323,Eutrophic
05060003,66.81118582316414,Eutrophic
05090202,91.55826910393105,Hypereutrophic
05120112,85.44808329930942,Hypereutrophic
06020001,61.58780764488889,Eutrophic
06030001,61.49179189881737,Eutrophic
07080107,87.80614426685796,Hypereutrophic
17100204,36.55857498972137,Oligotrophic
09020109,76.30854119603278,Hypereutrophic
13090001,65.64195177604618,Eutrophic
12020002,84.28213840106669,Hypereutrophic
10090202,78.21338252980642,Hypereutrophic
14030001,65.96400064717784,Eutrophic
15010009,22.9501440555453,Oligotrophic
14070007,83.58839288694192,Hypereutrophic
03140104,45.92004021497206,Mesotrophic
05070102,45.04863907077158,Mesotrophic
06030003,60.85187281436631,Eutrophic
18070304,50.744638501959116,Eutrophic
17060206,44.88274078243126,Mesotrophic
16040107,84.79717716874072,Hypereutrophic
10120104,67.46646927149867,Eutrophic
10110205,77.95071521633346,Hypereutrophic
07130008,93.01300311710789,Hypereutrophic
10250016,84.0486571527353,Hypereutrophic
05050003,32.330544300510795,Oligotrophic
05030102,63.35606885665429,Eutrophic
04120103,53.60516158129729,Eutrophic
03040204,57.96953112302002,Eutrophic
18020122,41.76333003756537,Mesotrophic
12110101,48.94320760874619,Mesotrophic
17100102,60.420086849710664,Eutrophic
07060002,57.52010384904474,Eutrophic
07060005,76.29761199920279,Hypereutrophic
17110010,33.74844769735606,Oligotrophic
13070008,51.412574644787036,Eutrophic
07080201,63.07857315626929,Eutrophic
12100401,67.48655469271402,Eutrophic
12020006,55.137050319468244,Eutrophic
07040006,83.51173814653272,Hypereutrophic
17090005,35.75968456960888,Oligotrophic
03050103,68.21896754352791,Eutrophic
05070203,83.1362105984533,Hypereutrophic
17090002,51.94187303688556,Eutrophic
10250004,86.42810520524571,Hypereutrophic
02040103,55.49618733822898,Eutrophic
18010211,52.815386119171215,Eutrophic
17120005,67.94350336410105,Eutrophic
03020103,62.81520659432922,Eutrophic
10080016,49.553605921475196,Mesotrophic
17060207,55.06570760961058,Eutrophic
03010203,66.82434545391135,Eutrophic
07040004,71.35342123459256,Hypereutrophic
17070101,51.002559762229836,Eutrophic
17060101,73.34895828624781,Hypereutrophic
14030004,48.58161347952679,Mesotrophic
03150108,87.83638369419144,Hypereutrophic
10050005,54.4786815587973,Eutrophic
05130102,53.06882692941171,Eutrophic
08040205,79.93658471359885,Hypereutrophic
08020205,81.32289898679,Hypereutrophic
05100202,39.68342646473831,Oligotrophic
05130104,23.429147859451135,Oligotrophic
03150204,63.32055314999545,Eutrophic
10070007,64.68585513088804,Eutrophic
11100101,43.84487717225101,Mesotrophic
07070006,65.22252495227566,Eutrophic
10180005,62.47577231179564,Eutrophic
17070105,55.113378746561224,Eutrophic
10130304,64.65751000110939,Eutrophic
10170204,61.36155873141545,Eutrophic
18060010,80.35756750687221,Hypereutrophic
03170002,76.53220312257831,Hypereutrophic
12060203,49.627112484661424,Mesotrophic
05120110,80.53875258201626,Hypereutrophic
17060102,50.43110657526519,Eutrophic
08010201,88.64969330483137,Hypereutrophic
10280202,69.55056275563963,Eutrophic
03130008,54.68497353785533,Eutrophic
03040205,65.6779304280878,Eutrophic
07110003,71.49331324180137,Hypereutrophic
03050106,60.19315318057292,Eutrophic
11110101,47.614561430900466,Mesotrophic
10130206,72.64430950999821,Hypereutrophic
16060012,55.1063075811729,Eutrophic
05110003,53.20189791839998,Eutrophic
11010013,92.31101329387437,Hypereutrophic
13030102,94.48719462137558,Hypereutrophic
05010005,47.97160082516302,Mesotrophic
05090102,49.17291401792364,Mesotrophic
03010107,43.70896455751908,Mesotrophic
14060005,58.868408112352576,Eutrophic
18020115,51.6231579133693,Eutrophic
02050102,68.5121969121155,Eutrophic
17060204,64.92795324259583,Eutrophic
10090203,41.88958462054124,Mesotrophic
13010002,73.00128148996971,Hypereutrophic
04080101,55.380963753002725,Eutrophic
18010105,22.230489512878414,Oligotrophic
03140201,53.48967675520003,Eutrophic
03150103,56.91348535365484,Eutrophic
12100406,82.95936678803822,Hypereutrophic
12030104,78.51386981138181,Hypereutrophic
18020002,92.87209864585859,Hypereutrophic
07090004,64.21373723089562,Eutrophic
07110007,81.48773207965381,Hypereutrophic
04030109,43.66011553231744,Mesotrophic
17030003,70.15741963699978,Hypereutrophic
08060205,50.95225675552441,Eutrophic
08070100,75.8689210754893,Hypereutrophic
03150203,66.69648427251136,Eutrophic
18020119,66.41826906594142,Eutrophic
17060208,46.570850740083245,Mesotrophic
18030010,51.60368675468691,Eutrophic
04090001,59.963132099765566,Eutrophic
01080105,26.083451043303107,Oligotrophic
11110201,69.89446515353227,Eutrophic
09030004,59.684077580001656,Eutrophic
16040104,50.209268231776846,Eutrophic
13070001,65.1516496400797,Eutrophic
18020111,90.39722552718996,Hypereutrophic
03140305,53.412138262007495,Eutrophic
12090102,57.61020384822695,Eutrophic
07130009,72.16583195059609,Hypereutrophic
18050002,57.86191532191646,Eutrophic
08020204,90.14988804426149,Hypereutrophic
08040207,70.26035979116693,Hypereutrophic
08040301,66.75069663059858,Eutrophic
08050002,92.81596510434927,Hypereutrophic
08060202,85.471742630452,Hypereutrophic
08080101,82.80255543231026,Hypereutrophic
07050006,79.78463010907566,Hypereutrophic
07090002,91.99419016784762,Hypereutrophic
10240003,80.34486837051404,Hypereutrophic
07130011,82.50514653979836,Hypereutrophic
08040201,71.81787119568904,Hypereutrophic
08040202,61.8533065946716,Eutrophic
08040305,77.03109581987708,Hypereutrophic
08070205,56.858820873511874,Eutrophic
08080206,98.80963513146713,Hypereutrophic
08090301,84.35345829924944,Hypereutrophic
09020204,79.82062275170219,Hypereutrophic
10020003,17.33751079368981,Oligotrophic
10080008,69.79127512949917,Eutrophic
10120110,48.389646482948024,Mesotrophic
10120202,59.59773734686692,Eutrophic
10180008,68.66066493053977,Eutrophic
08030100,82.08904880516278,Hypereutrophic
08080103,81.72207479695919,Hypereutrophic
08080203,64.30446539038567,Eutrophic
09020307,87.61617838843001,Hypereutrophic
10120111,53.05490358420281,Eutrophic
10140104,60.948721275876856,Eutrophic
10180007,69.17380119512157,Eutrophic
10190001,49.118811107402784,Mesotrophic
10240005,87.59179184858851,Hypereutrophic
10260003,65.54646107029731,Eutrophic
10270101,50.27192319760556,Eutrophic
10040103,97.7675521985288,Hypereutrophic
10080007,69.88542645318236,Eutrophic
10090101,73.16526633276526,Hypereutrophic
10180004,46.74101794739287,Mesotrophic
07040001,71.5274741988996,Hypereutrophic
07090003,87.63021242916388,Hypereutrophic
07100004,60.633665136763916,Eutrophic
07100007,48.69416032799422,Mesotrophic
07130007,85.5397237783617,Hypereutrophic
07140105,78.55393496123318,Hypereutrophic
06030006,37.05091406216418,Oligotrophic
07060003,73.84348375399166,Hypereutrophic
07060004,63.10802427457971,Eutrophic
07060006,75.25953096515546,Hypereutrophic
08020100,82.0971476540137,Hypereutrophic
08020303,71.75009837573339,Hypereutrophic
07100009,73.08933298602572,Hypereutrophic
10050013,79.42270533621026,Hypereutrophic
03010102,47.16524791323382,Mesotrophic
17090006,35.58762722900109,Oligotrophic
10190012,93.78586805132974,Hypereutrophic
03040203,90.85238536054578,Hypereutrophic
05070101,67.9657835081901,Eutrophic
09020302,73.15947096628102,Hypereutrophic
14060008,94.39640654764932,Hypereutrophic
10300200,84.57033549307154,Hypereutrophic
05030105,88.0364997914027,Hypereutrophic
09030002,67.05312814868692,Eutrophic
09020107,98.03305075516094,Hypereutrophic
05100203,49.7854985818281,Mesotrophic
13060003,46.16422773461204,Mesotrophic
17050110,61.09050567710107,Eutrophic
10230004,83.64055392014178,Hypereutrophic
10130301,70.0688447746352,Hypereutrophic
09030008,104.92466061752118,Hypereutrophic
11120302,68.61314775526155,Eutrophic
10040202,60.427744417231985,Eutrophic
17060107,69.4041670579873,Eutrophic
04020101,41.05458681665913,Mesotrophic
08040204,67.74832228778315,Eutrophic
10100003,81.2646468236213,Hypereutrophic
03060108,76.7116390424491,Hypereutrophic
05070201,47.656332850730124,Mesotrophic
17010209,34.323578257805764,Oligotrophic
17010304,52.833880414383025,Eutrophic
17060301,51.383282070034404,Eutrophic
10080015,62.51171510113863,Eutrophic
15060101,70.50482338275118,Hypereutrophic
16040201,77.50902322925064,Hypereutrophic
07080209,77.38410988297609,Hypereutrophic
13090002,85.67943669434533,Hypereutrophic
11010011,39.34831653757557,Oligotrophic
12090101,80.09122573000978,Hypereutrophic
06010206,59.51109786009985,Eutrophic
07050004,83.92401366820953,Hypereutrophic
03050102,51.036822911253736,Eutrophic
03140202,54.501200369673576,Eutrophic
10120103,48.408951893536134,Mesotrophic
18020106,50.199627553256995,Eutrophic
17100205,39.43744507453388,Oligotrophic
14040105,71.6352557771422,Hypereutrophic
08040103,58.33061557104202,Eutrophic
13070010,51.718630360795544,Eutrophic
10050015,64.74947722066445,Eutrophic
08070201,86.9309365120584,Hypereutrophic
04020202,54.814995711194705,Eutrophic
11080007,47.96412760821679,Mesotrophic
15050303,122.97955005966247,Hypereutrophic
06010204,53.30778279351704,Eutrophic
15010012,42.779482128628395,Mesotrophic
10080002,36.541346882810146,Oligotrophic
10240010,77.9443453621904,Hypereutrophic
10210009,88.9256434591407,Hypereutrophic
12040201,79.16352677431763,Hypereutrophic
11110205,54.89307095720332,Eutrophic
10100004,63.62296181659041,Eutrophic
14080205,62.16045716167232,Eutrophic
10040204,60.204066254578365,Eutrophic
14020004,56.9137082014811,Eutrophic
05090101,61.9822068707203,Eutrophic
18010102,60.401056352717085,Eutrophic
10270203,106.83212645395231,Hypereutrophic
04090002,14.034445232095813,Oligotrophic
10060003,56.574553182234816,Eutrophic
14040108,62.31769998980958,Eutrophic
17060304,47.475872322360345,Mesotrophic
13060010,64.097845612365,Eutrophic
03040101,71.81273164951727,Hypereutrophic
10090102,58.528760881228614,Eutrophic
05140103,67.14545898235612,Eutrophic
11140202,67.45574559649747,Eutrophic
03010104,62.05259616303042,Eutrophic
12060103,73.0501090074191,Hypereutrophic
06010107,71.17548972434935,Hypereutrophic
10120112,95.12436952821191,Hypereutrophic
02010007,50.6101322119178,Eutrophic
02020004,71.79943225491043,Hypereutrophic
02020005,47.041015194135255,Mesotrophic
02020008,44.657764191810514,Mesotrophic
03070102,64.74207664489204,Eutrophic
03080201,61.189552995719815,Eutrophic
02050306,70.28921009396346,Hypereutrophic
02050201,51.48987554033005,Eutrophic
02050206,43.203736503916886,Mesotrophic
02060009,62.58175372741245,Eutrophic
02080201,36.18762280254234,Oligotrophic
02060005,75.18911241680613,Hypereutrophic
02060010,61.95442598832223,Eutrophic
02070009,62.08334215252709,Eutrophic
03020202,74.39941681578067,Hypereutrophic
02040203,73.34739778734631,Hypereutrophic
02040301,58.56998486611862,Eutrophic
02080203,54.03380786187164,Eutrophic
03040206,66.88197162428605,Eutrophic
03060103,72.1209829540101,Hypereutrophic
02080202,59.420109447925995,Eutrophic
02080205,53.77431825693385,Eutrophic
03070202,71.42023917300845,Hypereutrophic
03060202,84.610844041888,Hypereutrophic
03070107,56.52980454112756,Eutrophic
03070201,71.4573779225681,Hypereutrophic
03030005,79.81459901755059,Hypereutrophic
03050202,40.90172933681863,Mesotrophic
01080106,41.956156731972065,Mesotrophic
01090001,74.438920455925,Hypereutrophic
01010005,56.048426164382185,Eutrophic
01080201,55.390092307903586,Eutrophic
01100004,55.40486715934257,Eutrophic
10150006,78.22355835363906,Hypereutrophic
11140105,63.78313878306626,Eutrophic
12100202,106.902022006166,Hypereutrophic
10080011,79.35309569865935,Hypereutrophic
05130103,38.540886405156755,Oligotrophic
17070204,58.36469150227454,Eutrophic
16020306,62.441005536026154,Eutrophic
13040100,87.46213029884656,Hypereutrophic
03140103,42.5062527438536,Mesotrophic
15030101,32.81020889841923,Oligotrophic
02050104,51.423775025417704,Eutrophic
04030105,54.01537894983091,Eutrophic
03050112,55.1220866668164,Eutrophic
03160103,56.595698538534045,Eutrophic
17100312,47.94649979347435,Mesotrophic
11080005,80.62217882782825,Hypereutrophic
17100310,62.514536284478076,Eutrophic
17070202,44.014224054114884,Mesotrophic
05110004,59.07248323640682,Eutrophic
10060005,63.26222545253096,Eutrophic
02050205,37.77022531097926,Oligotrophic
12070103,94.7175132179079,Hypereutrophic
10200103,91.43121628463793,Hypereutrophic
15070201,42.980974027597604,Mesotrophic
10250008,82.43112339578626,Hypereutrophic
05110002,61.27406254379202,Eutrophic
14040103,56.1363799975293,Eutrophic
05140104,65.09002348101444,Eutrophic
15050302,67.74339823527959,Eutrophic
10230007,91.95475299043497,Hypereutrophic
09020205,87.35114001165799,Hypereutrophic
10270204,108.09508134144725,Hypereutrophic
11110102,61.283289407906054,Eutrophic
03130006,54.56446001551224,Eutrophic
02080104,54.57839761828921,Eutrophic
05040006,68.09635210146138,Eutrophic
10070002,66.05813406097013,Eutrophic
07030003,60.52492964898631,Eutrophic
11140108,43.24088279538037,Mesotrophic
14050007,71.2152369410133,Hypereutrophic
10080012,68.48187673526154,Eutrophic
11040005,85.91968890597535,Hypereutrophic
04080205,55.49987484624038,Eutrophic
09020310,78.27602287081214,Hypereutrophic
07090007,73.15736407724692,Hypereutrophic
10140204,109.72320787308763,Hypereutrophic
10230005,83.99750853045823,Hypereutrophic
17110007,47.41589520513442,Mesotrophic
07080102,68.77303842232385,Eutrophic
10140201,81.90314675898695,Hypereutrophic
18010101,50.176134695893076,Eutrophic
13050003,2.5600306948063123,Oligotrophic
09020104,82.81892841088049,Hypereutrophic
17110009,51.18556017645368,Eutrophic
12100302,96.58092656171493,Hypereutrophic
01080107,32.24911132673026,Oligotrophic
12090205,3.747895365680896,Oligotrophic
18010212,48.08719659587176,Mesotrophic
09030005,64.43809112302407,Eutrophic
05100201,44.112287023870586,Mesotrophic
06010201,56.99888050867779,Eutrophic
17070305,70.9182477748471,Hypereutrophic
10160005,95.10692234628807,Hypereutrophic
03040202,70.03739979759777,Hypereutrophic
03060102,47.12456606326686,Mesotrophic
04110004,77.9233286491315,Hypereutrophic
10270206,91.59209643062125,Hypereutrophic
11010014,74.83169215150123,Hypereutrophic
15030202,96.57033731660154,Hypereutrophic
10140202,110.73402854418832,Hypereutrophic
10090204,52.898448824101294,Eutrophic
17100104,61.57437214363555,Eutrophic
02050202,44.69949807213565,Mesotrophic
14020003,35.61099633931098,Oligotrophic
17050113,42.228363090213115,Mesotrophic
10200201,98.25130548509252,Hypereutrophic
17070203,57.70301487172844,Eutrophic
11030005,72.72611521182962,Hypereutrophic
10210005,98.29598631961163,Hypereutrophic
11130102,76.15843742484608,Hypereutrophic
03030007,100.03140152728602,Hypereutrophic
08020301,77.96621710870004,Hypereutrophic
02050304,48.67362198648108,Mesotrophic
10140105,52.98464552611368,Eutrophic
17060106,61.01418516274591,Eutrophic
04150304,56.363286644041565,Eutrophic
10010002,54.125641340837255,Eutrophic
14070001,90.68436914946446,Hypereutrophic
04080204,66.25451071087501,Eutrophic
10200102,128.69744010737776,Hypereutrophic
07080103,70.09538830196661,Hypereutrophic
01010001,38.39485701681489,Oligotrophic
11020012,64.02841876852776,Eutrophic
05070204,56.039786673632584,Eutrophic
15010003,18.85478692829519,Oligotrophic
14040109,37.25749926559133,Oligotrophic
14030005,71.43445217610734,Hypereutrophic
04140203,55.27165332347276,Eutrophic
07090005,82.22725705782308,Hypereutrophic
18010106,50.20631165368781,Eutrophic
17070104,86.09010718974714,Hypereutrophic
15010001,43.18601410474474,Mesotrophic
11030010,80.9886034355983,Hypereutrophic
03130009,56.43988849522835,Eutrophic
06030004,80.89890119788271,Hypereutrophic
11130301,61.651455879387406,Eutrophic
04010302,56.07583573994508,Eutrophic
10130201,78.43201122855984,Hypereutrophic
03020102,68.53244137543295,Eutrophic
17020007,26.714963340878377,Oligotrophic
10240002,75.08862354707905,Hypereutrophic
03050108,81.20356747422585,Hypereutrophic
09020309,72.57247300218279,Hypereutrophic
13010005,70.4261865440643,Hypereutrophic
10120108,62.1326816897049,Eutrophic
10270201,92.72681174831082,Hypereutrophic
15010002,40.3505501636797,Mesotrophic
08040102,61.3156909757129,Eutrophic
11010012,33.2923097038988,Oligotrophic
13010004,89.42962938522322,Hypereutrophic
18020120,63.77536359973979,Eutrophic
18040002,78.47712568417059,Hypereutrophic
10270207,90.03212508335734,Hypereutrophic
10280101,76.85559364707547,Hypereutrophic
10290106,47.342618101708894,Mesotrophic
10300103,76.59922303952398,Hypereutrophic
11010002,51.66159385374132,Eutrophic
17050117,78.86413130761886,Hypereutrophic
15060103,56.79859563835307,Eutrophic
15010010,56.72352316875152,Eutrophic
18070102,72.37232349930679,Hypereutrophic
08070203,61.38647405689402,Eutrophic
03020101,69.70567053798422,Eutrophic
14030002,39.026050045380074,Oligotrophic
11020006,52.85850263499866,Eutrophic
17080003,60.35405751131226,Eutrophic
17010205,37.92022619644976,Oligotrophic
06040004,51.19649651230429,Eutrophic
10130205,71.11627132137762,Hypereutrophic
15070102,66.5991747669289,Eutrophic
12090206,25.204340142432663,Oligotrophic
17060203,61.066841594061394,Eutrophic
11110206,54.72313502213153,Eutrophic
03010105,64.11658710779818,Eutrophic
10080005,72.66347913816382,Hypereutrophic
07040003,83.18369298147482,Hypereutrophic
16040103,53.079926862563816,Eutrophic
18010110,55.049866676456496,Eutrophic
18010202,69.89322710341543,Eutrophic
18010209,67.75735556642499,Eutrophic
17060307,50.95109614694553,Eutrophic
12090110,68.3294130946309,Eutrophic
17020011,44.86200964747347,Mesotrophic
05030202,54.8463651460999,Eutrophic
04090004,66.3873795777636,Eutrophic
16060005,73.61792258833987,Hypereutrophic
10020005,42.67268559085635,Mesotrophic
08090100,77.15262037624886,Hypereutrophic
05050006,50.18411797435024,Eutrophic
04100005,66.34953353280856,Eutrophic
17100203,43.10120902467433,Mesotrophic
13060011,51.36760408035509,Eutrophic
13020203,82.72441261627186,Hypereutrophic
03020204,74.72983302008839,Hypereutrophic
15030203,66.33276703241056,Eutrophic
10090208,79.91922339053318,Hypereutrophic
02010004,34.58591475920254,Oligotrophic
11120105,139.17110813630464,Hypereutrophic
14010005,40.216332482095666,Mesotrophic
05040004,68.85970206191548,Eutrophic
12050007,45.63056590777566,Mesotrophic
17020004,41.58803942123881,Mesotrophic
12070205,60.42556111469759,Eutrophic
04130003,63.122394082911924,Eutrophic
11010003,52.915366773199004,Eutrophic
11060003,63.06986325027377,Eutrophic
14080201,61.97056390118243,Eutrophic
11060004,79.73513741332145,Hypereutrophic
15040001,56.64627962134996,Eutrophic
17070102,69.10399354802355,Eutrophic
10120201,57.7318545651939,Eutrophic
10130203,69.23720862880971,Eutrophic
10130303,104.45535981514188,Hypereutrophic
10140203,101.3152062634255,Hypereutrophic
11070102,65.70201561589604,Eutrophic
11070203,73.49083398849689,Hypereutrophic
12110106,60.99567141264885,Eutrophic
17040210,61.783216059811465,Eutrophic
17090010,66.00620246958552,Eutrophic
10290202,43.570212808008364,Mesotrophic
11010006,30.03970872413995,Oligotrophic
11030014,72.950223981745,Hypereutrophic
16030005,50.49680674269951,Eutrophic
16040105,59.28581965132251,Eutrophic
17060305,70.05401308132483,Hypereutrophic
17100302,45.582728080958894,Mesotrophic
11060005,81.38381290854177,Hypereutrophic
10260010,79.74630607009057,Hypereutrophic
17010211,12.150277010128853,Oligotrophic
17010212,58.63357463726932,Eutrophic
18010210,53.135684855348785,Eutrophic
11110203,58.6013976948643,Eutrophic
10130305,67.40463614943408,Eutrophic
10040203,56.86627547787821,Eutrophic
10290201,59.340596012712986,Eutrophic
11030016,81.13903750401815,Hypereutrophic
17040204,24.25025787978305,Oligotrophic
11010004,84.75421506708173,Hypereutrophic
11030001,70.1806041303369,Hypereutrophic
11030004,54.396834961272106,Eutrophic
13060008,65.64827647980712,Eutrophic
14050003,55.30800468579703,Eutrophic
15040002,56.318863541906694,Eutrophic
15060105,45.60685666311251,Mesotrophic
16050202,76.8490737124533,Hypereutrophic
11070208,59.26979977722074,Eutrophic
14010003,38.673538980961006,Oligotrophic
11040006,90.4747755939363,Hypereutrophic
11060002,53.00112168393401,Eutrophic
11070105,73.88596885070098,Hypereutrophic
11070204,71.02743882176202,Hypereutrophic
11070206,75.87903350865467,Hypereutrophic
11070207,69.87182374798374,Eutrophic
17050102,64.2406404324127,Eutrophic
14060001,66.26738880742704,Eutrophic
16020202,46.15635934390475,Mesotrophic
10260006,75.9884641594748,Hypereutrophic
10260011,83.71346591632134,Hypereutrophic
10260014,89.04483574448298,Hypereutrophic
17010201,35.88004873191609,Oligotrophic
17040212,68.87479160231037,Eutrophic
17110014,57.33891840483651,Eutrophic
05030104,76.09228762018041,Hypereutrophic
